Exporter,Lotid,Inventory Balance,Date,Days In Inventory,Variety,Packaging Style
Agrolatina,24A0005623,160.0,04/01/2025,19,AUTUMN CRISP,Clam
Agrolatina,24A0026441,80.0,04/03/2025,31,TIMCO,Clam
Agrolatina,24A0057740,1600.0,02/24/2025,0,TIMCO,Clam
Agrolatina,24A0066022,0.0,03/31/2025,28,TIMCO,Clam
Agrolatina,24A0066887,196.0,03/12/2025,27,SWEET GLOBE,Clam
Agrolatina,24A0068302,120.0,02/27/2025,14,SWEET GLOBE,Clam
Agrolatina,24A0073464,184.0,02/17/2025,32,CANDY SNAP,Clam
Agrolatina,24A0081304,203.0,02/28/2025,29,SWEET GLOBE,Clam
Agrolatina,24A0094976,80.0,01/21/2025,20,ALLISON,Clam
Agrolatina,24A0102156,280.0,03/17/2025,14,SWEET GLOBE,Clam
Agrolatina,24A0115718,776.0,04/02/2025,58,SWEET GLOBE,Clam
Agrolatina,24A0128799,1600.0,12/26/2024,0,SWEET GLOBE,Clam
Agrolatina,24A0137996,109.0,02/17/2025,20,CANDY SNAP,Clam
Agrolatina,24A0141553,960.0,12/23/2024,0,ALLISON,Clam
Agrolatina,24A0141661,0.0,04/24/2025,59,TIMCO,Clam
Agrolatina,24A0148671,0.0,01/28/2025,27,CANDY SNAP,Clam
Agrolatina,24A0154930,960.0,12/30/2024,0,ALLISON,Clam
Agrolatina,24A0173313,80.0,04/05/2025,33,TIMCO,Clam
Agrolatina,24A0207389,425.0,03/11/2025,32,SWEET GLOBE,Clam
Agrolatina,24A0214937,210.0,03/06/2025,31,SWEET GLOBE,Clam
Agrolatina,24A0217108,50.0,02/27/2025,14,SWEET GLOBE,Clam
Agrolatina,24A0218526,740.0,04/10/2025,49,COTTON CANDY,Clam
Agrolatina,24A0224278,0.0,04/01/2025,36,TIMCO,Clam
Agrolatina,24A0245408,0.0,02/24/2025,21,CANDY DREAMS,Clam
Agrolatina,24A0284770,0.0,04/01/2025,29,TIMCO,Clam
Agrolatina,24A0301570,143.0,02/13/2025,28,SWEET GLOBE,Clam
Agrolatina,24A0302220,42.0,03/24/2025,25,IVORY,Clam
Agrolatina,24A0317200,40.0,02/25/2025,22,CANDY DREAMS,Clam
Agrolatina,24A0319537,240.0,03/19/2025,9,AUTUMN CRISP,Clam
Agrolatina,24A0343560,1200.0,12/26/2024,0,SWEET GLOBE,Clam
Agrolatina,24A0350384,0.0,04/02/2025,23,TIMCO,Clam
Agrolatina,24A0354570,311.0,02/03/2025,6,IVORY,Clam
Agrolatina,24A0358472,545.0,03/19/2025,16,SWEET GLOBE,Clam
Agrolatina,24A0377301,201.0,03/11/2025,26,SWEET GLOBE,Clam
Agrolatina,24A0377451,1120.0,12/30/2024,0,SWEET GLOBE,Clam
Agrolatina,24A0378334,80.0,04/02/2025,30,TIMCO,Clam
Agrolatina,24A0379325,340.0,03/18/2025,43,SWEET GLOBE,Clam
Agrolatina,24A0381446,1600.0,12/30/2024,0,CANDY SNAP,Clam
Agrolatina,24A0384785,320.0,03/29/2025,54,IVORY,Clam
Agrolatina,24A0388780,0.0,03/07/2025,24,AUTUMN CRISP,Clam
Agrolatina,24A0398304,0.0,02/10/2025,7,SWEET GLOBE,Clam
Agrolatina,24A0409179,0.0,01/27/2025,16,SWEET GLOBE,Clam
Agrolatina,24A0424759,0.0,04/23/2025,58,TIMCO,Clam
Agrolatina,24A0438942,1440.0,12/30/2024,0,SWEET GLOBE,Clam
Agrolatina,24A0459101,207.0,04/14/2025,42,TIMCO,Bag
Agrolatina,24A0466327,350.0,04/05/2025,37,IVORY,Clam
Agrolatina,24A0470672,1090.0,04/10/2025,42,COTTON CANDY,Clam
Agrolatina,24A0489235,1600.0,02/03/2025,0,SWEET GLOBE,Clam
Agrolatina,24A0505892,325.0,03/11/2025,26,SWEET GLOBE,Clam
Agrolatina,24A0512192,474.0,04/01/2025,29,IVORY,Clam
Agrolatina,24A0512905,185.0,02/28/2025,15,SWEET GLOBE,Clam
Agrolatina,24A0516177,758.0,04/02/2025,48,SWEET GLOBE,Clam
Agrolatina,24A0518420,0.0,03/04/2025,47,ALLISON,Clam
Agrolatina,24A0525836,1600.0,12/23/2024,0,SWEET GLOBE,Clam
Agrolatina,24A0528347,646.0,04/02/2025,48,SWEET GLOBE,Clam
Agrolatina,24A0531783,32.0,02/22/2025,37,SWEET GLOBE,Clam
Agrolatina,24A0534674,256.0,03/17/2025,25,SWEET GLOBE,Clam
Agrolatina,24A0557793,1600.0,12/23/2024,0,CANDY SNAP,Clam
Agrolatina,24A0559081,1520.0,12/30/2024,0,CANDY SNAP,Clam
Agrolatina,24A0567174,211.0,04/02/2025,76,COTTON CANDY,Clam
Agrolatina,24A0567549,1600.0,12/07/2024,0,CANDY SNAP,Clam
Agrolatina,24A0573808,80.0,01/14/2025,12,CANDY SNAP,Clam
Agrolatina,24A0577721,119.0,02/03/2025,18,IVORY,Clam
Agrolatina,24A0588536,0.0,02/26/2025,6,IVORY,Clam
Agrolatina,24A0591400,400.0,04/01/2025,19,AUTUMN CRISP,Clam
Agrolatina,24A0603517,0.0,02/27/2025,30,ALLISON,Clam
Agrolatina,24A0608904,0.0,03/24/2025,28,TIMCO,Clam
Agrolatina,24A0612226,24.0,02/28/2025,29,SWEET GLOBE,Clam
Agrolatina,24A0620140,249.0,04/07/2025,35,IVORY,Clam
Agrolatina,24A0620469,280.0,04/03/2025,31,IVORY,Clam
Agrolatina,24A0642534,0.0,04/11/2025,32,TIMCO,Clam
Agrolatina,24A1014323,720.0,02/22/2025,11,SWEET GLOBE,Clam
Agrolatina,24A1023879,80.0,04/04/2025,25,SWEET GLOBE,Clam
Agrolatina,24A1101143,280.0,03/15/2025,26,SWEET GLOBE,Clam
Agrolatina,24A1101903,208.0,03/17/2025,28,IVORY,Bag
Agrolatina,24A1165589,0.0,03/15/2025,30,ALLISON,Bag
Agrolatina,24A1175740,50.0,03/04/2025,19,CANDY DREAMS,Clam
Agrolatina,24A1185939,0.0,03/18/2025,22,AUTUMN CRISP,Clam
Agrolatina,24A1186787,0.0,01/14/2025,12,CANDY SNAP,Clam
Agrolatina,24A1197625,158.0,03/04/2025,45,CANDY SNAP,Clam
Agrolatina,24A1202595,1040.0,04/21/2025,53,CANDY DREAMS,Clam
Agrolatina,24A1204679,62.0,03/04/2025,50,CANDY SNAP,Clam
Agrolatina,24A1205084,150.0,03/12/2025,52,SWEET GLOBE,Clam
Agrolatina,24A1205629,96.0,03/12/2025,27,SWEET GLOBE,Clam
Agrolatina,24A1215479,468.0,04/08/2025,47,SWEET GLOBE,Bag
Agrolatina,24A1227124,60.0,03/31/2025,28,TIMCO,Clam
Agrolatina,24A1227464,0.0,02/13/2025,28,SWEET GLOBE,Clam
Agrolatina,24A1230260,325.0,03/15/2025,12,SWEET GLOBE,Clam
Agrolatina,24A1256100,153.0,02/28/2025,29,SWEET GLOBE,Clam
Agrolatina,24A1259264,0.0,01/22/2025,13,SWEET GLOBE,Clam
Agrolatina,24A1260619,0.0,02/13/2025,28,ALLISON,Clam
Agrolatina,24A1261723,0.0,02/10/2025,25,ALLISON,Clam
Agrolatina,24A1262437,0.0,01/28/2025,17,CANDY SNAP,Clam
Agrolatina,24A1264868,180.0,03/15/2025,11,SWEET GLOBE,Clam
Agrolatina,24A1269935,0.0,03/07/2025,24,TIMCO,Clam
Agrolatina,24A1271722,0.0,04/07/2025,29,TIMCO,Clam
Agrolatina,24A1272862,1600.0,12/31/2024,0,CANDY SNAP,Clam
Agrolatina,24A1274525,1440.0,12/31/2024,0,CANDY SNAP,Clam
Agrolatina,24A1277967,190.0,03/11/2025,36,CANDY DREAMS,Clam
Agrolatina,24A1284605,1600.0,12/26/2024,0,SWEET GLOBE,Clam
Agrolatina,24A1288088,0.0,03/31/2025,28,TIMCO,Clam
Agrolatina,24A1291219,0.0,01/18/2025,16,SWEET GLOBE,Clam
Agrolatina,24A1295560,1600.0,12/26/2024,0,SWEET GLOBE,Clam
Agrolatina,24A1299781,213.0,04/18/2025,50,COTTON CANDY,Bag
Agrolatina,24A1317083,0.0,01/14/2025,12,CANDY SNAP,Clam
Agrolatina,24A1317592,1600.0,12/23/2024,0,SWEET GLOBE,Clam
Agrolatina,24A1317910,0.0,02/13/2025,28,SWEET GLOBE,Clam
Agrolatina,24A1318876,1600.0,12/23/2024,0,CANDY SNAP,Clam
Agrolatina,24A1322157,333.0,03/29/2025,40,IVORY,Clam
Agrolatina,24A1330146,1600.0,12/30/2024,0,SWEET GLOBE,Clam
Agrolatina,24A1330316,0.0,02/04/2025,8,SWEET GLOBE,Clam
Agrolatina,24A1333803,60.0,03/29/2025,40,IVORY,Clam
Agrolatina,24A1333839,0.0,01/14/2025,12,CANDY SNAP,Clam
Agrolatina,24A1334435,0.0,01/18/2025,15,SWEET GLOBE,Clam
Agrolatina,24A1338240,1600.0,12/23/2024,0,SWEET GLOBE,Clam
Agrolatina,24A1339971,183.0,03/17/2025,18,SWEET GLOBE,Clam
Agrolatina,24A1355967,1600.0,12/30/2024,0,CANDY SNAP,Clam
Agrolatina,24A1357208,592.0,04/08/2025,40,SWEET GLOBE,Bag
Agrolatina,24A1362884,1600.0,12/26/2024,0,CANDY SNAP,Clam
Agrolatina,24A1364569,0.0,03/03/2025,27,AUTUMN CRISP,Clam
Agrolatina,24A1375583,0.0,02/27/2025,42,ALLISON,Clam
Agrolatina,24A1392169,1600.0,12/30/2024,0,CANDY SNAP,Clam
Agrolatina,24A1392597,560.0,04/02/2025,29,CANDY DREAMS,Clam
Agrolatina,24A1396925,0.0,04/10/2025,32,TIMCO,Clam
Agrolatina,24A1404487,0.0,03/27/2025,45,SWEET FAVORS,Clam
Agrolatina,24A1404526,205.0,04/18/2025,50,COTTON CANDY,Bag
Agrolatina,24A1405586,0.0,04/07/2025,29,TIMCO,Clam
Agrolatina,24A1409128,560.0,03/04/2025,0,AUTUMN CRISP,Clam
Agrolatina,24A1409581,0.0,04/16/2025,43,TIMCO,Clam
Agrolatina,24A1410005,446.0,03/11/2025,34,SWEET GLOBE,Clam
Agrolatina,24A1413175,160.0,03/10/2025,0,AUTUMN CRISP,Clam
Agrolatina,24A1413908,1000.0,04/02/2025,34,COTTON CANDY,Clam
Agrolatina,24A1417781,1600.0,12/30/2024,0,CANDY SNAP,Clam
Agrolatina,24A1422433,4.0,02/19/2025,23,CANDY SNAP,Clam
Agrolatina,24A1423023,370.0,04/08/2025,35,IVORY,Clam
Agrolatina,24A1429269,0.0,03/09/2025,27,TIMCO,Clam
Agrolatina,24A1429632,1600.0,12/26/2024,0,CANDY SNAP,Clam
Agrolatina,24A1430439,0.0,02/21/2025,49,SWEET GLOBE,Clam
Agrolatina,24A1433546,40.0,03/03/2025,20,SWEET GLOBE,Clam
Agrolatina,24A1434455,0.0,01/15/2025,12,SWEET GLOBE,Clam
Agrolatina,24A1434706,420.0,03/05/2025,27,SWEET GLOBE,Clam
Agrolatina,24A1435255,0.0,01/17/2025,15,ALLISON,Clam
Agrolatina,24A1453434,428.0,04/02/2025,29,IVORY,Clam
Agrolatina,24A1462400,385.0,04/08/2025,35,IVORY,Clam
Agrolatina,24A1464399,403.0,03/28/2025,39,IVORY,Clam
Agrolatina,24A1473132,0.0,04/06/2025,30,TIMCO,Clam
Agrolatina,24A1473976,145.0,03/31/2025,77,CANDY SNAP,Clam
Agrolatina,24A1476764,0.0,02/10/2025,23,ALLISON,Clam
Agrolatina,24A1561038,0.0,03/31/2025,24,AUTUMN CRISP,Clam
Agrolatina,24A1569208,0.0,04/13/2025,34,TIMCO,Clam
Agrolatina,24A1569661,0.0,02/01/2025,19,SWEET GLOBE,Clam
Agrolatina,24A1583227,0.0,02/10/2025,20,ALLISON,Clam
Agrolatina,24A1593586,0.0,02/01/2025,12,AUTUMN CRISP,Clam
Agrolatina,24A1600522,0.0,01/23/2025,10,SWEET GLOBE,Clam
Agrolatina,24A1600841,0.0,03/18/2025,34,SWEET GLOBE,Bag
Agrolatina,24A1600986,0.0,03/27/2025,24,AUTUMN CRISP,Clam
Agrolatina,24A1601030,0.0,01/23/2025,10,CANDY SNAP,Clam
Agrolatina,24A1601175,0.0,04/13/2025,34,TIMCO,Clam
Agrolatina,24A1601180,0.0,03/04/2025,22,ALLISON,Clam
Agrolatina,24A1601220,0.0,03/08/2025,24,AUTUMN CRISP,Clam
Agrolatina,24A1601323,800.0,12/30/2024,0,ALLISON,Clam
Agrolatina,24A1601513,0.0,04/16/2025,44,TIMCO,Clam
Agrolatina,24A1601534,0.0,03/06/2025,17,AUTUMN CRISP,Clam
Agrolatina,24A1601642,0.0,02/22/2025,10,COTTON CANDY,Clam
Agrolatina,24A1601730,480.0,03/27/2025,24,AUTUMN CRISP,Clam
Agrolatina,24A1601766,0.0,03/17/2025,35,TIMCO,Clam
Agrolatina,24A1601771,0.0,01/23/2025,10,IVORY,Clam
Agrolatina,24A1601874,1040.0,12/29/2024,0,IVORY,Clam
Agrolatina,24A1602187,0.0,03/24/2025,28,AUTUMN CRISP,Clam
Agrolatina,24A1602968,0.0,03/06/2025,17,AUTUMN CRISP,Clam
Agrolatina,24A3003901,280.0,03/15/2025,30,SWEET GLOBE,Clam
Agrolatina,24A3017973,0.0,03/11/2025,59,SWEET GLOBE,Clam
Agrolatina,24A3025095,780.0,04/10/2025,49,COTTON CANDY,Clam
Agrolatina,24A3031694,140.0,03/03/2025,18,SWEET GLOBE,Clam
Agrolatina,24A3037497,0.0,02/13/2025,28,ALLISON,Clam
Agrolatina,24A3046539,0.0,02/11/2025,26,ALLISON,Clam
Agrolatina,24A3164110,0.0,02/12/2025,27,SWEET GLOBE,Clam
Agrolatina,24A3185133,80.0,01/27/2025,26,SWEET GLOBE,Clam
Agrolatina,24A3201635,592.0,04/05/2025,33,IVORY,Clam
Agrolatina,24A3203860,50.0,03/14/2025,57,ALLISON,Clam
Agrolatina,24A3214653,250.0,03/12/2025,37,SWEET GLOBE,Clam
Agrolatina,24A3214890,2.0,02/12/2025,36,SWEET GLOBE,Clam
Agrolatina,24A3216893,480.0,04/21/2025,49,COTTON CANDY,Clam
Agrolatina,24A3222406,165.0,03/27/2025,35,IVORY,Clam
Agrolatina,24A3223444,0.0,03/31/2025,18,AUTUMN CRISP,Clam
Agrolatina,24A3258862,320.0,03/19/2025,20,SWEET GLOBE,Clam
Agrolatina,24A3260833,1520.0,12/30/2024,0,CANDY SNAP,Clam
Agrolatina,24A3261892,267.0,04/01/2025,57,SWEET GLOBE,Bag
Agrolatina,24A3265748,0.0,04/03/2025,38,TIMCO,Clam
Agrolatina,24A3279870,0.0,01/14/2025,12,CANDY SNAP,Clam
Agrolatina,24A3280660,0.0,01/25/2025,14,SWEET GLOBE,Clam
Agrolatina,24A3281219,60.0,03/12/2025,13,SWEET GLOBE,Clam
Agrolatina,24A3289164,95.0,03/05/2025,34,SWEET GLOBE,Clam
Agrolatina,24A3291829,170.0,02/27/2025,20,SWEET GLOBE,Clam
Agrolatina,24A3292229,0.0,04/07/2025,35,TIMCO,Clam
Agrolatina,24A3323398,0.0,04/05/2025,33,TIMCO,Clam
Agrolatina,24A3325220,280.0,04/02/2025,34,COTTON CANDY,Clam
Agrolatina,24A3327393,-10.0,03/05/2025,30,SWEET GLOBE,Clam
Agrolatina,24A3328888,251.0,03/17/2025,14,SWEET GLOBE,Clam
Agrolatina,24A3340409,0.0,02/11/2025,8,ALLISON,Clam
Agrolatina,24A3383123,160.0,03/11/2025,19,ALLISON,Clam
Agrolatina,24A3383592,1600.0,12/31/2024,0,CANDY SNAP,Clam
Agrolatina,24A3395989,627.0,04/10/2025,42,COTTON CANDY,Clam
Agrolatina,24A3418960,248.0,04/14/2025,42,TIMCO,Bag
Agrolatina,24A3419015,280.0,03/31/2025,39,IVORY,Clam
Agrolatina,24A3423078,484.0,04/01/2025,29,IVORY,Clam
Agrolatina,24A3427941,587.0,04/08/2025,54,SWEET GLOBE,Bag
Agrolatina,24A3433517,0.0,02/17/2025,20,ALLISON,Clam
Agrolatina,24A3438268,326.0,03/27/2025,70,ALLISON,Clam
Agrolatina,24A3440012,175.0,04/14/2025,60,SWEET FAVORS,Bag
Agrolatina,24A3472112,0.0,01/30/2025,21,SWEET GLOBE,Clam
Agrolatina,24A3483950,1600.0,12/23/2024,0,SWEET GLOBE,Clam
Agrolatina,24A3485254,1440.0,12/26/2024,0,ALLISON,Clam
Agrolatina,24A3486754,0.0,02/03/2025,23,ALLISON,Clam
Agrolatina,24A3490230,160.0,03/17/2025,25,SWEET GLOBE,Clam
Agrolatina,24A3514199,1440.0,12/31/2024,0,CANDY SNAP,Clam
Agrolatina,24A3516592,160.0,01/18/2025,16,CANDY SNAP,Clam
Agrolatina,24A3530693,167.0,02/28/2025,29,SWEET GLOBE,Clam
Agrolatina,24A3534235,0.0,03/17/2025,21,SWEET GLOBE,Clam
Agrolatina,24A3538924,40.0,03/10/2025,39,SWEET GLOBE,Clam
Agrolatina,24A3540412,1600.0,12/30/2024,0,IVORY,Clam
Agrolatina,24A3555120,1600.0,12/30/2024,0,CANDY SNAP,Clam
Agrolatina,24A3556297,0.0,02/24/2025,39,ALLISON,Clam
Agrolatina,24A3556358,0.0,01/28/2025,17,SWEET GLOBE,Clam
Agrolatina,24A3557210,20.0,03/05/2025,20,SWEET GLOBE,Clam
Agrolatina,24A3566490,290.0,03/05/2025,30,SWEET GLOBE,Clam
Agrolatina,24A3572997,175.0,02/28/2025,15,SWEET GLOBE,Clam
Agrolatina,24A3575321,90.0,03/10/2025,25,SWEET GLOBE,Clam
Agrolatina,24A3577480,290.0,03/01/2025,16,SWEET GLOBE,Clam
Agrolatina,24A3592632,0.0,02/27/2025,42,ALLISON,Clam
Agrolatina,24A3594126,0.0,04/11/2025,32,TIMCO,Clam
Agrolatina,24A3613972,1600.0,12/30/2024,0,SWEET GLOBE,Clam
Agrolatina,24A3627641,0.0,03/17/2025,21,TIMCO,Clam
Agrolatina,24A3628231,135.0,03/04/2025,33,SWEET GLOBE,Clam
Agrolatina,24A3628822,640.0,12/31/2024,0,ALLISON,Clam
Agrolatina,24A3630115,1600.0,12/07/2024,0,CANDY SNAP,Clam
Agrolatina,24A3630922,95.0,03/03/2025,24,SWEET GLOBE,Clam
Agrolatina,24A3631600,0.0,01/21/2025,12,IVORY,Clam
Agrolatina,24A3636026,120.0,03/06/2025,35,SWEET GLOBE,Clam
Agrolatina,24A3637070,0.0,03/29/2025,26,TIMCO,Clam
Agrolatina,24A3640659,80.0,04/01/2025,19,AUTUMN CRISP,Clam
Agrolatina,24A3652789,1440.0,03/19/2025,9,AUTUMN CRISP,Clam
Agrolatina,24A3655366,100.0,03/11/2025,32,SWEET GLOBE,Clam
Agrolatina,24A3665240,1600.0,12/31/2024,0,ALLISON,Clam
Agrolatina,24A3677010,85.0,04/01/2025,40,IVORY,Clam
Agrolatina,24A3691131,20.0,02/26/2025,23,CANDY DREAMS,Clam
Agrolatina,24A3693730,455.0,03/29/2025,33,IVORY,Clam
Agrolatina,24A3717597,480.0,03/19/2025,9,AUTUMN CRISP,Clam
Agrolatina,24A3720651,388.0,03/15/2025,30,SWEET GLOBE,Clam
Agrolatina,24A3734589,1040.0,12/31/2024,0,ALLISON,Clam
Agrolatina,24A3753830,140.0,03/15/2025,23,SWEET GLOBE,Clam
Agrolatina,24A3755112,232.0,04/02/2025,30,IVORY,Clam
Agrolatina,24A3767108,110.0,03/06/2025,37,CANDY SNAP,Clam
Agrolatina,24A3767514,0.0,01/21/2025,12,IVORY,Clam
Agrolatina,24A3785776,240.0,03/05/2025,30,SWEET GLOBE,Clam
Agrolatina,24A3786108,1600.0,12/07/2024,0,CANDY SNAP,Clam
Agrolatina,24A3809965,1600.0,02/24/2025,0,AUTUMN CRISP,Clam
Agrolatina,24A3814719,379.0,03/27/2025,28,IVORY,Clam
Agrolatina,24A3817425,0.0,01/31/2025,22,SWEET GLOBE,Clam
Agrolatina,24A3827969,310.0,03/17/2025,25,SWEET GLOBE,Clam
Agrolatina,24A3829811,1120.0,12/26/2024,0,CANDY SNAP,Clam
Agrolatina,24A3838238,1600.0,12/30/2024,0,ALLISON,Clam
Agrolatina,24A3838454,-75.0,02/13/2025,28,SWEET GLOBE,Clam
Agrolatina,24A3849377,190.0,03/25/2025,42,SWEET GLOBE,Bag
Agrolatina,24A3854394,960.0,12/26/2024,0,ALLISON,Clam
Agrolatina,24A3859647,376.0,03/12/2025,37,SWEET GLOBE,Clam
Agrolatina,24A3872084,120.0,03/12/2025,37,SWEET GLOBE,Clam
Agrolatina,24A3874045,383.0,03/29/2025,37,IVORY,Clam
Agrolatina,24A3878333,0.0,01/21/2025,19,CANDY SNAP,Clam
Agrolatina,24A3885142,160.0,04/04/2025,39,TIMCO,Clam
Agrolatina,24A3895407,1360.0,12/31/2024,0,CANDY SNAP,Clam
Agrolatina,24A3899803,0.0,03/04/2025,47,ALLISON,Clam
Agrolatina,24A3923319,468.0,04/04/2025,39,AUTUMN CRISP,Clam
Agrolatina,24A3925311,329.0,04/03/2025,42,COTTON CANDY,Bag
Agrolatina,24A3938387,1520.0,12/30/2024,0,CANDY SNAP,Clam
Agrolatina,24A3941360,512.0,04/03/2025,59,SWEET GLOBE,Bag
Agrolatina,24A3943146,0.0,01/31/2025,19,SWEET GLOBE,Clam
Agrolatina,24A3943911,271.0,03/15/2025,23,SWEET GLOBE,Clam
Agrolatina,24A3944306,960.0,12/30/2024,0,ALLISON,Clam
Agrolatina,24A3946361,631.0,03/19/2025,16,SWEET GLOBE,Clam
Agrolatina,24A3975009,0.0,01/09/2025,7,ALLISON,Clam
Agrolatina,24A3977634,0.0,02/19/2025,16,SWEET GLOBE,Clam
Agrolatina,24A3978008,70.0,03/27/2025,35,IVORY,Bag
Agrolatina,24A3999382,0.0,04/02/2025,62,CANDY DREAMS,Clam
Agrolatina,24A4001478,60.0,03/03/2025,46,CANDY DREAMS,Clam
Agrolatina,24A4016570,1600.0,12/31/2024,0,ALLISON,Clam
Agrolatina,24A4034321,350.0,03/12/2025,27,SWEET GLOBE,Clam
Agrolatina,24A4035483,1360.0,12/30/2024,0,SWEET GLOBE,Clam
Agrolatina,24A4045500,18.0,03/14/2025,57,ALLISON,Clam
Agrolatina,24A4048670,90.0,02/27/2025,24,CANDY DREAMS,Clam
Agrolatina,24A4067011,0.0,04/07/2025,35,TIMCO,Clam
Agrolatina,24A4076765,63.0,03/06/2025,35,CANDY DREAMS,Clam
Agrolatina,24A4076873,0.0,02/19/2025,20,ALLISON,Clam
Agrolatina,24A4077210,0.0,02/25/2025,20,SWEET GLOBE,Bag
Agrolatina,24A4077529,1600.0,12/26/2024,0,SWEET GLOBE,Clam
Agrolatina,24A4077566,0.0,01/20/2025,7,ALLISON,Clam
Agrolatina,24A4077571,0.0,01/28/2025,15,CANDY SNAP,Clam
Agrolatina,24A4078602,0.0,03/14/2025,43,SWEET GLOBE,Clam
Agrolatina,24A4078984,0.0,01/28/2025,15,CANDY SNAP,Clam
Agrolatina,24A4079070,0.0,01/23/2025,10,ALLISON,Clam
Agrolatina,24A4079086,0.0,02/01/2025,19,CANDY SNAP,Clam
Agrolatina,24A4079898,1360.0,04/02/2025,30,COTTON CANDY,Clam
Agrolatina,24A4080019,0.0,02/17/2025,18,AUTUMN CRISP,Clam
Agrolatina,24A4081000,0.0,04/15/2025,22,JACK SALUTE,Clam
Agrolatina,24A4081864,0.0,04/16/2025,23,JACK SALUTE,Clam
Agrolatina,24A4087234,623.0,02/05/2025,8,IVORY,Clam
Agrolatina,24A4087754,0.0,01/22/2025,9,SWEET GLOBE,Clam
Agrolatina,24A4087775,0.0,02/12/2025,13,SWEET GLOBE,Clam
Agrolatina,24A4087846,180.0,02/28/2025,25,SWEET GLOBE,Clam
Agrolatina,24A4105282,0.0,04/10/2025,38,TIMCO,Clam
Agrolatina,24A4108872,53.0,03/12/2025,20,SWEET GLOBE,Clam
Agrolatina,24A4122628,163.0,03/12/2025,27,SWEET GLOBE,Clam
Agrolatina,24A4152221,0.0,01/22/2025,13,SWEET GLOBE,Clam
Agrolatina,24A4168655,240.0,03/22/2025,30,IVORY,Clam
Agrolatina,24A4170797,159.0,03/05/2025,30,SWEET GLOBE,Clam
Agrolatina,24A4175335,1120.0,04/02/2025,30,COTTON CANDY,Clam
Agrolatina,24A4179120,145.0,03/12/2025,27,SWEET GLOBE,Clam
Agrolatina,24A4196847,-80.0,02/27/2025,42,ALLISON,Clam
Agrolatina,24A4217699,960.0,12/30/2024,0,ALLISON,Clam
Agrolatina,24A4245387,400.0,02/03/2025,18,SWEET GLOBE,Clam
Agrolatina,24A4248426,1600.0,12/30/2024,0,ALLISON,Clam
Agrolatina,24A4256993,0.0,04/01/2025,19,AUTUMN CRISP,Clam
Agrolatina,24A4259020,320.0,03/28/2025,29,IVORY,Clam
Agrolatina,24A4260231,800.0,02/20/2025,0,TIMCO,Clam
Agrolatina,24A4267616,680.0,04/02/2025,41,COTTON CANDY,Clam
Agrolatina,24A4286880,133.0,03/12/2025,20,SWEET GLOBE,Clam
Agrolatina,24A4295897,80.0,03/25/2025,33,IVORY,Clam
Agrolatina,24A4305070,202.0,05/07/2025,72,TIMCO,Clam
Agrolatina,24A4306950,0.0,02/17/2025,32,ALLISON,Clam
Agrolatina,24A4307339,514.0,02/05/2025,8,IVORY,Clam
Agrolatina,24A4313115,205.0,03/13/2025,21,SWEET GLOBE,Clam
Agrolatina,24A4315484,0.0,02/27/2025,42,ALLISON,Clam
Agrolatina,24A4318375,0.0,03/11/2025,19,SWEET GLOBE,Clam
Agrolatina,24A4324130,720.0,12/31/2024,0,ALLISON,Clam
Agrolatina,24A4336403,0.0,04/24/2025,59,TIMCO,Clam
Agrolatina,24A4345004,0.0,04/14/2025,35,TIMCO,Clam
Agrolatina,24A4348894,880.0,04/15/2025,47,SWEET GLOBE,Bag
Agrolatina,24A4363970,0.0,02/12/2025,27,SWEET GLOBE,Clam
Agrolatina,24A4373454,860.0,04/02/2025,41,COTTON CANDY,Clam
Agrolatina,24A4380915,0.0,03/27/2025,31,SWEET FAVORS,Clam
Agrolatina,24A4384150,100.0,04/17/2025,73,SWEET FAVORS,Bag
Agrolatina,24A4400040,120.0,02/13/2025,16,CANDY DREAMS,Clam
Agrolatina,24A4402167,455.0,03/05/2025,30,SWEET GLOBE,Clam
Agrolatina,24A4410780,53.0,02/28/2025,29,SWEET GLOBE,Clam
Agrolatina,24A4412798,604.0,03/19/2025,20,SWEET GLOBE,Clam
Agrolatina,24A4413285,0.0,04/04/2025,39,TIMCO,Clam
Agrolatina,24A4414698,292.0,02/28/2025,29,SWEET GLOBE,Bag
Agrolatina,24A4418013,0.0,04/14/2025,35,TIMCO,Clam
Agrolatina,24A4420509,573.0,03/05/2025,30,SWEET GLOBE,Clam
Agrolatina,24A4421676,80.0,05/03/2025,68,TIMCO,Clam
Agrolatina,24A4431381,280.0,03/19/2025,30,SWEET GLOBE,Clam
Agrolatina,24A4433018,0.0,03/03/2025,46,ALLISON,Clam
Agrolatina,24A4440022,160.0,03/07/2025,15,COTTON CANDY,Clam
Agrolatina,24A4440260,0.0,03/20/2025,28,ALLISON,Clam
Agrolatina,24A4444481,200.0,03/14/2025,22,SWEET GLOBE,Clam
Agrolatina,24A4452337,95.0,03/12/2025,20,IVORY,Bag
Agrolatina,24A4452743,220.0,04/21/2025,60,CANDY DREAMS,Clam
Agrolatina,24A4453082,240.0,02/03/2025,23,ALLISON,Clam
Agrolatina,24A4453117,400.0,01/18/2025,9,SWEET GLOBE,Clam
Agrolatina,24A4453328,0.0,01/31/2025,22,SWEET GLOBE,Clam
Agrolatina,24A4453354,960.0,03/19/2025,9,AUTUMN CRISP,Clam
Agrolatina,24A4453821,320.0,01/18/2025,9,ALLISON,Clam
Agrolatina,24A4461869,0.0,02/13/2025,28,SWEET GLOBE,Clam
Agrolatina,24A4464106,220.0,03/29/2025,33,IVORY,Clam
Agrolatina,24A4469540,191.0,03/15/2025,16,SWEET GLOBE,Clam
Agrolatina,24A4473094,0.0,02/21/2025,10,ALLISON,Clam
Agrolatina,24A4477741,480.0,03/19/2025,9,AUTUMN CRISP,Clam
Agrolatina,24A4483934,409.0,03/21/2025,29,COTTON CANDY,Clam
Agrolatina,24A4490424,270.0,04/01/2025,40,SWEET GLOBE,Bag
Agrolatina,24A4492509,160.0,02/15/2025,30,SWEET GLOBE,Clam
Agrolatina,24A4494667,1600.0,12/07/2024,0,CANDY SNAP,Clam
Agrolatina,24A4499376,0.0,02/13/2025,28,SWEET GLOBE,Clam
Agrolatina,24A4501200,1600.0,12/30/2024,0,SWEET GLOBE,Clam
Agrolatina,24A4501982,1200.0,12/30/2024,0,ALLISON,Clam
Agrolatina,24A4508502,190.0,03/17/2025,18,SWEET GLOBE,Clam
Agrolatina,24A4508647,80.0,02/19/2025,34,ALLISON,Clam
Agrolatina,24A4508760,960.0,02/24/2025,0,AUTUMN CRISP,Bag
Agrolatina,24A4520010,25.0,03/17/2025,40,IVORY,Bag
Agrolatina,24A4520160,0.0,05/03/2025,68,TIMCO,Clam
Agrolatina,24A4520690,0.0,05/03/2025,68,AUTUMN CRISP,Clam
Agrolatina,24A4520827,0.0,03/14/2025,22,TIMCO,Clam
Agrolatina,24A4520880,80.0,03/05/2025,30,SWEET GLOBE,Clam
Agrolatina,24A4521588,30.0,03/14/2025,57,ALLISON,Clam
Agrolatina,24A4522389,0.0,02/18/2025,15,SWEET GLOBE,Clam
Agrolatina,24A4526091,360.0,03/05/2025,30,SWEET GLOBE,Clam
Agrolatina,24A4527077,400.0,03/13/2025,38,SWEET GLOBE,Clam
Agrolatina,24A4528941,50.0,03/12/2025,20,SWEET GLOBE,Clam
Agrolatina,24A4532432,60.0,03/29/2025,37,IVORY,Clam
Agrolatina,24A4532514,0.0,03/25/2025,42,SWEET GLOBE,Bag
Agrolatina,24A4534923,0.0,05/03/2025,68,TIMCO,Clam
Agrolatina,24A4536741,0.0,03/28/2025,32,TIMCO,Clam
Agrolatina,24A4536931,0.0,05/03/2025,68,TIMCO,Clam
Agrolatina,24A4553369,0.0,04/01/2025,19,AUTUMN CRISP,Clam
Agrolatina,24A4562864,0.0,04/05/2025,26,TIMCO,Clam
Agrolatina,24A4746398,315.0,03/05/2025,34,SWEET GLOBE,Clam
Agrolatina,24A5000140,0.0,03/17/2025,33,TIMCO,Clam
Agrolatina,24A5000602,0.0,04/13/2025,34,TIMCO,Clam
Agrolatina,24A5000665,0.0,04/03/2025,31,TIMCO,Clam
Agrolatina,24A5000990,0.0,01/13/2025,5,ALLISON,Clam
Agrolatina,24A5002204,1040.0,12/29/2024,0,SWEET GLOBE,Clam
Agrolatina,24A5002210,0.0,04/16/2025,16,JACK SALUTE,Clam
Agrolatina,24A5002396,880.0,02/24/2025,0,TIMCO,Clam
Agrolatina,24A5002518,0.0,03/27/2025,38,TIMCO,Clam
Agrolatina,24A5003140,1440.0,12/30/2024,0,ALLISON,Clam
Agrolatina,24A5008780,0.0,04/26/2025,26,JACK SALUTE,Clam
Agrolatina,24A5010283,0.0,05/07/2025,14,SWEET GLOBE,Clam
Agrolatina,24A5018432,167.0,03/28/2025,32,COTTON CANDY,Clam
Agrolatina,24A5018643,0.0,03/15/2025,26,AUTUMN CRISP,Clam
Agrolatina,24A5018788,720.0,12/23/2024,7,IVORY,Clam
Agrolatina,24A5019742,0.0,03/10/2025,28,TIMCO,Clam
Agrolatina,24A5020050,0.0,02/21/2025,29,AUTUMN CRISP,Clam
Agrolatina,24A5020229,0.0,01/22/2025,9,SWEET FAVORS,Clam
Agrolatina,24A5020234,0.0,01/29/2025,16,SWEET GLOBE,Clam
Agrolatina,24A5020300,0.0,02/18/2025,19,SWEET FAVORS,Clam
Agrolatina,24A5020379,0.0,01/23/2025,10,IVORY,Clam
Agrolatina,24A5020384,0.0,01/22/2025,9,SWEET FAVORS,Clam
Agrolatina,24A5020424,345.0,03/06/2025,35,CANDY DREAMS,Clam
Agrolatina,24A5020445,0.0,04/13/2025,34,TIMCO,Clam
Agrolatina,24A5020580,0.0,02/11/2025,19,ALLISON,Clam
Agrolatina,24A5020635,0.0,01/18/2025,5,SWEET FAVORS,Clam
Agrolatina,24A5020656,0.0,01/21/2025,8,SWEET FAVORS,Clam
Agrolatina,24A5020661,92.0,03/11/2025,40,CANDY DREAMS,Clam
Agrolatina,24A5020701,18.0,03/06/2025,52,CANDY DREAMS,Clam
Agrolatina,24A5020722,0.0,02/17/2025,18,AUTUMN CRISP,Clam
Agrolatina,24A5020804,0.0,02/26/2025,44,SWEET FAVORS,Clam
Agrolatina,24A5020888,0.0,01/30/2025,10,SWEET GLOBE,Clam
Agrolatina,24A5020980,0.0,01/31/2025,11,SWEET GLOBE,Clam
Agrolatina,24A5021190,0.0,01/20/2025,7,IVORY,Clam
Agrolatina,24A5021272,0.0,01/27/2025,14,SWEET GLOBE,Bag
Agrolatina,24A5021436,0.0,02/21/2025,32,AUTUMN CRISP,Clam
Agrolatina,24A5021462,0.0,02/08/2025,19,AUTUMN CRISP,Clam
Agrolatina,24A5021483,0.0,01/23/2025,10,IVORY,Clam
Agrolatina,24A5022999,0.0,02/11/2025,12,AUTUMN CRISP,Clam
Agrolatina,24A5023043,392.0,03/12/2025,48,SWEET GLOBE,Bag
Agrolatina,24A5023193,720.0,02/06/2025,22,ALLISON,Clam
Agrolatina,24A5023207,640.0,01/18/2025,5,SWEET GLOBE,Clam
Agrolatina,24A5023228,640.0,02/11/2025,19,ALLISON,Clam
Agrolatina,24A5139044,210.0,03/17/2025,28,SWEET GLOBE,Clam
Agrolatina,24A5143234,0.0,02/22/2025,11,SWEET GLOBE,Clam
Agrolatina,24A5293311,0.0,03/01/2025,30,ALLISON,Clam
Agrolatina,24A5293543,0.0,02/12/2025,23,AUTUMN CRISP,Clam
Agrolatina,24A5293693,0.0,01/18/2025,5,SWEET GLOBE,Clam
Agrolatina,24A5293841,1280.0,02/11/2025,12,ALLISON,Clam
Agrolatina,24A5293991,0.0,01/29/2025,9,SWEET GLOBE,Clam
Agrolatina,24A5294072,480.0,02/19/2025,20,SWEET GLOBE,Clam
Agrolatina,24A5294215,1120.0,02/08/2025,19,SWEET GLOBE,Clam
Agrolatina,24A5294344,0.0,02/06/2025,17,ALLISON,Clam
Agrolatina,24A5294365,240.0,01/31/2025,11,IVORY,Clam
Agrolatina,24A5294540,0.0,02/01/2025,19,SWEET FAVORS,Clam
Agrolatina,24A5294940,480.0,03/01/2025,30,ALLISON,Clam
Agrolatina,24A5364641,240.0,02/10/2025,11,SWEET GLOBE,Clam
Agrolatina,24A5365503,0.0,04/02/2025,23,AUTUMN CRISP,Clam
Agrolatina,24A5366140,1600.0,02/24/2025,0,TIMCO,Clam
Agrolatina,24A5366351,0.0,05/08/2025,15,SWEET GLOBE,Clam
Agrolatina,24A5404321,0.0,01/25/2025,3,SWEET GLOBE,Clam
Agrolatina,24A5470405,0.0,03/15/2025,26,AUTUMN CRISP,Clam
Agrolatina,24A5470750,1280.0,02/24/2025,0,TIMCO,Clam
Agrolatina,24A5470956,0.0,01/21/2025,8,ALLISON,Clam
Agrolatina,24A5470961,0.0,04/24/2025,45,TIMCO,Clam
Agrolatina,24A5471021,0.0,04/28/2025,14,SWEET GLOBE,Clam
Agrolatina,24A5471171,1600.0,03/10/2025,0,AUTUMN CRISP,Bag
Agrolatina,24A5471309,80.0,02/24/2025,0,AUTUMN CRISP,Bag
Agrolatina,24A5471675,0.0,03/17/2025,32,IVORY,Bag
Agrolatina,24A5471865,0.0,04/02/2025,23,AUTUMN CRISP,Clam
Agrolatina,24A5471973,1040.0,02/24/2025,0,TIMCO,Clam
Agrolatina,24A5471994,0.0,02/19/2025,16,SWEET GLOBE,Clam
Agrolatina,24A5472157,560.0,02/17/2025,0,AUTUMN CRISP,Clam
Agrolatina,24A5472286,0.0,03/04/2025,22,ALLISON,Clam
Agrolatina,24A5472291,0.0,04/06/2025,41,TIMCO,Clam
Agrolatina,24A5472331,240.0,01/15/2025,2,IVORY,Clam
Agrolatina,24A5473235,1600.0,03/03/2025,0,AUTUMN CRISP,Clam
Agrolatina,24A5473533,1600.0,02/28/2025,0,AUTUMN CRISP,Clam
Agrolatina,24A5473615,156.0,03/26/2025,51,CANDY DREAMS,Clam
Agrolatina,24A5473657,400.0,03/27/2025,31,COTTON CANDY,Clam
Agrolatina,24A5475201,160.0,02/17/2025,0,AUTUMN CRISP,Clam
Agrolatina,24A5475330,0.0,03/27/2025,24,AUTUMN CRISP,Clam
Agrolatina,24A5477061,0.0,02/12/2025,13,SWEET GLOBE,Clam
Agrolatina,24A5477821,0.0,04/04/2025,25,AUTUMN CRISP,Clam
Agrolatina,24A5478577,1600.0,03/11/2025,0,TIMCO,Clam
Agrolatina,24A5542726,960.0,03/05/2025,21,COTTON CANDY,Clam
Agrolatina,24A5547420,1600.0,02/24/2025,0,AUTUMN CRISP,Clam
Agrolatina,24A5560313,0.0,01/21/2025,8,SWEET GLOBE,Clam
Agrolatina,24A5568299,0.0,03/12/2025,44,SWEET FAVORS,Clam
Agrolatina,24A5568982,0.0,01/31/2025,4,IVORY,Clam
Agrolatina,24A5719017,3.0,02/05/2025,20,SWEET GLOBE,Clam
Agrolatina,24A5776700,176.0,03/27/2025,18,ALLISON,Clam
Agrolatina,24A5783680,0.0,02/07/2025,20,SWEET GLOBE,Clam
Agrolatina,24A5786442,220.0,03/11/2025,22,SWEET GLOBE,Clam
Agrolatina,24A5803792,0.0,04/09/2025,36,TIMCO,Clam
Agrolatina,24A6017678,800.0,02/19/2025,15,SWEET GLOBE,Clam
Agrolatina,24A6017810,0.0,01/28/2025,10,SWEET GLOBE,Clam
Agrolatina,24A6021563,0.0,05/03/2025,60,SWEET FAVORS,Clam
Agrolatina,24A6023360,0.0,02/04/2025,8,SWEET GLOBE,Clam
Agrolatina,24A6025732,145.0,03/17/2025,41,CANDY DREAMS,Clam
Agrolatina,24A6025933,298.0,03/27/2025,67,CANDY SNAP,Clam
Agrolatina,24A6028731,0.0,02/12/2025,25,SWEET GLOBE,Clam
Agrolatina,24A6034471,720.0,04/21/2025,48,CANDY DREAMS,Clam
Agrolatina,24A6036221,0.0,03/31/2025,27,TIMCO,Clam
Agrolatina,24A6038815,648.0,04/08/2025,35,SWEET GLOBE,Bag
Agrolatina,24A6044525,297.0,03/17/2025,25,IVORY,Bag
Agrolatina,24A6060156,520.0,03/17/2025,21,SWEET GLOBE,Clam
Agrolatina,24A6060420,480.0,01/21/2025,8,CANDY SNAP,Clam
Agrolatina,24A6088812,1600.0,03/04/2025,0,AUTUMN CRISP,Clam
Agrolatina,24A6090553,134.0,03/12/2025,29,SWEET GLOBE,Clam
Agrolatina,24A6092593,30.0,02/28/2025,40,SWEET GLOBE,Clam
Agrolatina,24A6095318,0.0,03/13/2025,30,SWEET GLOBE,Clam
Agrolatina,24A6096839,0.0,01/21/2025,18,CANDY SNAP,Clam
Agrolatina,24A6097532,590.0,04/02/2025,29,SWEET GLOBE,Clam
Agrolatina,24A6100008,0.0,03/31/2025,24,AUTUMN CRISP,Clam
Agrolatina,24A6100604,0.0,02/13/2025,31,CANDY SNAP,Clam
Agrolatina,24A6106421,0.0,02/01/2025,25,SWEET GLOBE,Clam
Agrolatina,24A6112502,0.0,02/03/2025,16,IVORY,Clam
Agrolatina,24A6120492,10.0,03/01/2025,30,CANDY DREAMS,Clam
Agrolatina,24A6127088,0.0,02/21/2025,10,COTTON CANDY,Clam
Agrolatina,24A6127698,160.0,01/31/2025,24,SWEET GLOBE,Clam
Agrolatina,24A6127912,536.0,03/11/2025,40,SWEET GLOBE,Clam
Agrolatina,24A6129038,0.0,04/11/2025,32,TIMCO,Clam
Agrolatina,24A6133795,0.0,02/21/2025,34,SWEET GLOBE,Clam
Agrolatina,24A6135993,0.0,02/15/2025,33,SWEET GLOBE,Clam
Agrolatina,24A6154625,110.0,03/04/2025,42,CANDY SNAP,Clam
Agrolatina,24A6156593,0.0,02/12/2025,36,SWEET GLOBE,Clam
Agrolatina,24A6157483,0.0,01/27/2025,9,SWEET GLOBE,Clam
Agrolatina,24A6170209,0.0,02/12/2025,27,ALLISON,Clam
Agrolatina,24A6183823,90.0,02/25/2025,22,CANDY DREAMS,Clam
Agrolatina,24A6187834,179.0,03/05/2025,30,SWEET GLOBE,Clam
Agrolatina,24A6194849,1198.0,04/10/2025,38,COTTON CANDY,Clam
Agrolatina,24A6210214,800.0,02/24/2025,0,AUTUMN CRISP,Clam
Agrolatina,24A6239223,529.0,03/11/2025,19,SWEET GLOBE,Clam
Agrolatina,24A6245930,27.0,03/27/2025,52,ALLISON,Clam
Agrolatina,24A6254491,0.0,04/11/2025,32,TIMCO,Clam
Agrolatina,24A6279020,0.0,03/11/2025,26,ALLISON,Clam
Agrolatina,24A6364675,40.0,03/19/2025,30,IVORY,Clam
Agrolatina,24A6382220,238.0,02/27/2025,16,SWEET GLOBE,Clam
Agrolatina,24A6408876,0.0,02/19/2025,15,SWEET GLOBE,Clam
Agrolatina,24A6451553,80.0,01/21/2025,18,SWEET GLOBE,Clam
Agrolatina,24A6454758,0.0,01/17/2025,16,ALLISON,Clam
Agrolatina,24A6523416,0.0,04/16/2025,43,TIMCO,Clam
Agrolatina,24A6558794,0.0,02/18/2025,14,SWEET GLOBE,Clam
Agrolatina,24A6560277,0.0,03/14/2025,31,TIMCO,Clam
Agrolatina,24A6563912,0.0,01/21/2025,18,SWEET GLOBE,Clam
Agrolatina,24A6583138,155.0,03/12/2025,34,SWEET GLOBE,Bag
Agrolatina,24A6583312,0.0,02/13/2025,41,CANDY SNAP,Clam
Agrolatina,24A6587920,0.0,01/27/2025,24,SWEET GLOBE,Clam
Agrolatina,24A6590862,0.0,04/06/2025,33,TIMCO,Clam
Agrolatina,24A7314756,291.0,02/28/2025,22,SWEET GLOBE,Bag
Agrolatina,24A7314910,60.0,03/29/2025,40,IVORY,Clam
Agrolatina,24A7318068,424.0,04/12/2025,39,ALLISON,Bag
Agrolatina,24A8004043,815.0,04/10/2025,45,COTTON CANDY,Clam
Agrolatina,24A8004383,0.0,03/29/2025,37,TIMCO,Clam
Agrolatina,24A8015186,0.0,04/04/2025,60,SWEET GLOBE,Clam
Agrolatina,24A8015360,0.0,01/30/2025,17,CANDY SNAP,Clam
Agrolatina,24A8015421,0.0,02/08/2025,24,SWEET GLOBE,Clam
Agrolatina,24A8015545,0.0,02/24/2025,32,SWEET GLOBE,Clam
Agrolatina,24A8015587,0.0,02/18/2025,29,SWEET FAVORS,Clam
Agrolatina,24A8015669,7.0,02/19/2025,37,CANDY SNAP,Clam
Agrolatina,24A8015695,0.0,01/21/2025,8,ALLISON,Clam
Agrolatina,24A8015735,0.0,01/21/2025,8,IVORY,Clam
Agrolatina,24A8015740,0.0,01/27/2025,14,SWEET GLOBE,Clam
Agrolatina,24A8016095,0.0,03/22/2025,33,TIMCO,Clam
Agrolatina,24A8016222,12.0,02/19/2025,37,CANDY SNAP,Clam
Agrolatina,24A8016238,0.0,03/06/2025,17,SWEET GLOBE,Clam
Agrolatina,24A8016259,400.0,04/17/2025,45,TIMCO,Clam
Agrolatina,24A8016346,0.0,01/21/2025,8,SWEET FAVORS,Clam
Agrolatina,24A8016393,0.0,02/17/2025,25,AUTUMN CRISP,Clam
Agrolatina,24A8016475,1600.0,02/17/2025,0,TIMCO,Clam
Agrolatina,24A8016536,0.0,01/30/2025,7,SWEET GLOBE,Clam
Agrolatina,24A8016855,0.0,01/27/2025,14,SWEET GLOBE,Clam
Agrolatina,24A8016897,2.0,02/14/2025,32,SWEET GLOBE,Clam
Agrolatina,24A8017039,229.0,03/12/2025,48,SWEET GLOBE,Bag
Agrolatina,24A8017189,0.0,01/28/2025,15,SWEET GLOBE,Bag
Agrolatina,24A8017933,0.0,01/30/2025,7,AUTUMN CRISP,Clam
Agrolatina,24A8017980,0.0,01/23/2025,10,ALLISON,Clam
Agrolatina,24A8018181,142.0,03/15/2025,16,SWEET GLOBE,Clam
Agrolatina,24A8018502,55.0,02/28/2025,46,SWEET GLOBE,Bag
Agrolatina,24A8018781,0.0,01/20/2025,7,CANDY SNAP,Clam
Agrolatina,24A8018797,95.0,02/04/2025,22,SWEET GLOBE,Bag
Agrolatina,24A8018903,105.0,03/11/2025,47,SWEET GLOBE,Bag
Agrolatina,24A8019345,0.0,01/21/2025,8,ALLISON,Clam
Agrolatina,24A8019495,0.0,01/30/2025,7,AUTUMN CRISP,Clam
Agrolatina,24A8019617,400.0,01/28/2025,5,SWEET GLOBE,Clam
Agrolatina,24A8019664,0.0,02/18/2025,26,ALLISON,Clam
Agrolatina,24A8019978,0.0,02/12/2025,30,ALLISON,Clam
Agrolatina,24A8019983,0.0,02/01/2025,19,CANDY SNAP,Clam
Agrolatina,24A8020032,0.0,04/28/2025,14,SWEET GLOBE,Clam
Agrolatina,24A8020095,0.0,01/21/2025,8,SWEET GLOBE,Clam
Agrolatina,24A8020182,240.0,01/29/2025,16,IVORY,Clam
Agrolatina,24A8020238,0.0,01/31/2025,8,AUTUMN CRISP,Clam
Agrolatina,24A8020639,720.0,01/29/2025,6,SWEET GLOBE,Clam
Agrolatina,24A8021023,0.0,04/10/2025,31,TIMCO,Clam
Agrolatina,24A8021070,560.0,02/17/2025,0,TIMCO,Clam
Agrolatina,24A8021110,0.0,02/22/2025,30,AUTUMN CRISP,Clam
Agrolatina,24A8021281,80.0,01/23/2025,10,ALLISON,Clam
Agrolatina,24A8021337,0.0,01/23/2025,10,ALLISON,Clam
Agrolatina,24A8021450,0.0,02/13/2025,31,SWEET GLOBE,Bag
Agrolatina,24A8021713,155.0,03/05/2025,30,SWEET GLOBE,Clam
Agrolatina,24A8022143,0.0,02/01/2025,19,CANDY SNAP,Clam
Agrolatina,24A8022225,0.0,02/22/2025,30,AUTUMN CRISP,Clam
Agrolatina,24A8022354,0.0,02/18/2025,36,SWEET FAVORS,Clam
Agrolatina,24A8022499,33.0,02/28/2025,36,SWEET GLOBE,Bag
Agrolatina,24A8022586,0.0,03/17/2025,35,TIMCO,Clam
Agrolatina,24A8022673,0.0,02/12/2025,20,AUTUMN CRISP,Clam
Agrolatina,24A8022689,160.0,03/10/2025,28,TIMCO,Clam
Agrolatina,24A8022797,0.0,02/05/2025,13,SWEET GLOBE,Clam
Agrolatina,24A8023094,0.0,01/29/2025,16,SWEET GLOBE,Clam
Agrolatina,24A8023134,0.0,01/28/2025,15,SWEET GLOBE,Clam
Agrolatina,24A8023242,0.0,03/12/2025,16,TIMCO,Clam
Agrolatina,24A8023448,0.0,04/06/2025,37,TIMCO,Clam
Agrolatina,24A8023474,0.0,04/07/2025,38,TIMCO,Clam
Agrolatina,24A8023793,0.0,01/23/2025,10,ALLISON,Clam
Agrolatina,24A8023896,0.0,04/07/2025,38,TIMCO,Clam
Agrolatina,24A8023920,880.0,01/22/2025,9,SWEET FAVORS,Clam
Agrolatina,24A8023936,0.0,04/04/2025,32,SWEET GLOBE,Clam
Agrolatina,24A8024038,0.0,04/30/2025,16,SWEET GLOBE,Clam
Agrolatina,24A8024104,31.0,03/11/2025,47,SWEET GLOBE,Bag
Agrolatina,24A8024254,0.0,02/12/2025,23,AUTUMN CRISP,Clam
Agrolatina,24A8024491,0.0,01/22/2025,9,SWEET GLOBE,Clam
Agrolatina,24A8024510,0.0,01/29/2025,6,SWEET GLOBE,Clam
Agrolatina,24A8024526,0.0,02/27/2025,35,ALLISON,Clam
Agrolatina,24A8024634,240.0,02/21/2025,29,AUTUMN CRISP,Clam
Agrolatina,24A8024790,0.0,04/30/2025,16,SWEET GLOBE,Clam
Agrolatina,24A8024803,160.0,04/03/2025,31,SWEET GLOBE,Clam
Agrolatina,24A8030470,0.0,04/10/2025,28,TIMCO,Clam
Agrolatina,24A8033782,1.0,02/17/2025,32,CANDY SNAP,Clam
Agrolatina,24A8034259,180.0,04/14/2025,42,TIMCO,Bag
Agrolatina,24A8034670,18.0,02/25/2025,22,CANDY DREAMS,Clam
Agrolatina,24A8035297,445.0,03/05/2025,30,SWEET GLOBE,Clam
Agrolatina,24A8039440,120.0,03/31/2025,56,SWEET GLOBE,Bag
Agrolatina,24A8039841,1600.0,12/07/2024,0,ALLISON,Clam
Agrolatina,24A8042495,960.0,03/14/2025,32,AUTUMN CRISP,Clam
Agrolatina,24A8044435,180.0,03/29/2025,25,IVORY,Clam
Agrolatina,24A8045283,280.0,03/06/2025,17,SWEET GLOBE,Clam
Agrolatina,24A8051753,346.0,03/14/2025,25,SWEET GLOBE,Clam
Agrolatina,24A8052992,150.0,03/05/2025,27,SWEET GLOBE,Clam
Agrolatina,24A8056539,0.0,04/04/2025,28,COTTON CANDY,Clam
Agrolatina,24A8057561,40.0,03/26/2025,50,CANDY DREAMS,Clam
Agrolatina,24A8059374,130.0,04/19/2025,46,ALLISON,Bag
Agrolatina,24A8069887,0.0,02/10/2025,28,SWEET GLOBE,Clam
Agrolatina,24A8070424,0.0,02/12/2025,40,SWEET GLOBE,Clam
Agrolatina,24A8070810,0.0,02/06/2025,24,ALLISON,Clam
Agrolatina,24A8085110,0.0,03/08/2025,48,ALLISON,Clam
Agrolatina,24A8086077,231.0,03/05/2025,27,SWEET GLOBE,Clam
Agrolatina,24A8092260,0.0,01/21/2025,12,SWEET GLOBE,Clam
Agrolatina,24A8092315,160.0,03/29/2025,40,IVORY,Clam
Agrolatina,24A8094956,0.0,03/31/2025,24,AUTUMN CRISP,Clam
Agrolatina,24A8099496,0.0,01/22/2025,19,ALLISON,Clam
Agrolatina,24A8101530,0.0,03/03/2025,27,AUTUMN CRISP,Clam
Agrolatina,24A8104269,0.0,02/07/2025,22,ALLISON,Clam
Agrolatina,24A8114712,0.0,02/06/2025,10,ALLISON,Clam
Agrolatina,24A8115792,480.0,04/05/2025,32,IVORY,Clam
Agrolatina,24A8116439,560.0,03/19/2025,9,AUTUMN CRISP,Clam
Agrolatina,24A8120736,80.0,03/06/2025,35,SWEET GLOBE,Clam
Agrolatina,24A8123479,0.0,03/03/2025,14,SWEET GLOBE,Clam
Agrolatina,24A8123843,0.0,03/10/2025,50,ALLISON,Clam
Agrolatina,24A8131710,20.0,02/26/2025,20,CANDY DREAMS,Clam
Agrolatina,24A8132059,90.0,03/04/2025,27,CANDY DREAMS,Clam
Agrolatina,24A8133245,49.0,03/12/2025,29,IVORY,Bag
Agrolatina,24A8135167,140.0,03/03/2025,46,CANDY SNAP,Clam
Agrolatina,24A8140878,223.0,03/17/2025,25,SWEET GLOBE,Clam
Agrolatina,24A8143773,33.0,04/03/2025,58,SWEET FAVORS,Clam
Agrolatina,24A8143938,0.0,04/07/2025,35,TIMCO,Clam
Agrolatina,24A8145102,10.0,03/17/2025,60,SWEET GLOBE,Clam
Agrolatina,24A8152409,0.0,01/31/2025,14,ALLISON,Clam
Agrolatina,24A8152944,25.0,04/03/2025,51,COTTON CANDY,Bag
Agrolatina,24A8169197,160.0,03/13/2025,35,ALLISON,Clam
Agrolatina,24A8172420,0.0,04/13/2025,34,TIMCO,Clam
Agrolatina,24A8173134,40.0,03/14/2025,54,ALLISON,Clam
Agrolatina,24A8173520,0.0,04/01/2025,25,AUTUMN CRISP,Clam
Agrolatina,24A8174378,0.0,04/22/2025,49,TIMCO,Clam
Agrolatina,24A8180519,680.0,02/15/2025,27,IVORY,Clam
Agrolatina,24A8181984,190.0,04/17/2025,59,SWEET FAVORS,Bag
Agrolatina,24A8183868,160.0,03/11/2025,28,SWEET GLOBE,Clam
Agrolatina,24A8183924,0.0,03/06/2025,47,ALLISON,Clam
Agrolatina,24A8184258,20.0,03/31/2025,77,CANDY SNAP,Clam
Agrolatina,24A8195947,1600.0,12/31/2024,0,ALLISON,Clam
Agrolatina,24A8201485,5.0,02/12/2025,27,SWEET GLOBE,Clam
Agrolatina,24A8205828,440.0,04/07/2025,34,IVORY,Clam
Agrolatina,24A8208406,1280.0,12/26/2024,0,ALLISON,Clam
Agrolatina,24A8211980,0.0,03/12/2025,34,ALLISON,Clam
Agrolatina,24A8212290,186.0,03/05/2025,26,SWEET GLOBE,Clam
Agrolatina,24A8214820,0.0,04/11/2025,39,TIMCO,Clam
Agrolatina,24A8214902,83.0,04/21/2025,95,CANDY DREAMS,Clam
Agrolatina,24A8218609,0.0,03/11/2025,28,SWEET GLOBE,Clam
Agrolatina,24A8347870,40.0,03/29/2025,40,IVORY,Clam
Agrolatina,24A8348855,250.0,03/15/2025,26,SWEET GLOBE,Clam
Agrolatina,24A8349609,720.0,02/03/2025,25,SWEET GLOBE,Clam
Agrolatina,24A8367095,0.0,03/05/2025,22,SWEET GLOBE,Clam
Agrolatina,24A8367984,40.0,03/15/2025,26,SWEET GLOBE,Clam
Agrolatina,24A8368527,0.0,04/03/2025,52,SWEET FAVORS,Clam
Agrolatina,24A8370571,0.0,02/12/2025,7,SWEET GLOBE,Bag
Agrolatina,24A8409360,320.0,04/22/2025,43,TIMCO,Clam
Agrolatina,24A8436930,32.0,05/11/2025,68,ALLISON,Clam
Agrolatina,24A8443538,80.0,03/06/2025,23,SWEET GLOBE,Clam
Agrolatina,24A8453104,244.0,03/12/2025,34,SWEET GLOBE,Bag
Agrolatina,24A8453188,80.0,03/15/2025,11,SWEET GLOBE,Clam
Agrolatina,24A8453336,0.0,02/26/2025,15,SWEET GLOBE,Clam
Agrolatina,24A8460525,0.0,02/21/2025,17,SWEET GLOBE,Clam
Agrolatina,24A8462528,560.0,03/15/2025,11,SWEET GLOBE,Clam
Agrolatina,24A8482118,320.0,01/28/2025,25,SWEET GLOBE,Clam
Agrolatina,24A8483515,0.0,03/10/2025,28,TIMCO,Clam
Agrolatina,24A8494094,188.0,04/05/2025,27,IVORY,Clam
Agrolatina,24A8496034,380.0,03/05/2025,22,SWEET GLOBE,Clam
Agrolatina,24A8497323,136.0,04/11/2025,59,IVORY,Clam
Agrolatina,24A8497961,0.0,04/07/2025,28,TIMCO,Clam
Agrolatina,24A8498090,8.0,03/14/2025,54,ALLISON,Clam
Agrolatina,24A8500751,0.0,04/24/2025,48,TIMCO,Clam
Agrolatina,24A8525380,130.0,03/28/2025,39,IVORY,Clam
Agrolatina,24A8526535,221.0,04/17/2025,70,SWEET FAVORS,Bag
Agrolatina,24A8564988,0.0,03/02/2025,20,SWEET FAVORS,Clam
Agrolatina,24A8580783,195.0,05/08/2025,59,TIMCO,Clam
Agrolatina,24A8593348,0.0,03/10/2025,27,TIMCO,Clam
Agrolatina,24A8651249,170.0,04/17/2025,59,SWEET FAVORS,Bag
Agrolatina,24A8651510,107.0,03/04/2025,15,CANDY DREAMS,Clam
Agrolatina,24A8681095,320.0,02/17/2025,45,CANDY SNAP,Clam
Agrolatina,24A8710666,1600.0,02/10/2025,0,AUTUMN CRISP,Clam
Agrolatina,24A8717172,0.0,04/01/2025,28,COTTON CANDY,Clam
Agrolatina,24A8723175,0.0,05/12/2025,63,TIMCO,Clam
Agrolatina,24A8730256,80.0,03/15/2025,26,SWEET GLOBE,Clam
Agrolatina,24A8730472,189.0,03/11/2025,34,SWEET GLOBE,Clam
Agrolatina,24A8745820,370.0,04/02/2025,29,SWEET GLOBE,Clam
Agrolatina,24A8753282,0.0,01/21/2025,18,CANDY SNAP,Clam
Agrolatina,24A8779394,90.0,03/03/2025,32,SWEET GLOBE,Clam
Agrolatina,24A8784699,-40.0,03/13/2025,42,SWEET GLOBE,Clam
Agrolatina,24A8786599,395.0,03/01/2025,30,SWEET GLOBE,Clam
Agrolatina,24A8815598,0.0,03/29/2025,25,AUTUMN CRISP,Clam
Agrolatina,24A8817230,0.0,01/23/2025,13,ALLISON,Clam
Agrolatina,24A8822473,0.0,03/28/2025,30,CANDY DREAMS,Clam
Agrolatina,24A8823546,25.0,03/17/2025,19,SWEET GLOBE,Clam
Agrolatina,24A8825111,8.0,02/19/2025,33,CANDY SNAP,Clam
Agrolatina,24A8825370,80.0,04/01/2025,34,CANDY DREAMS,Clam
Agrolatina,24A8830442,60.0,04/18/2025,45,TIMCO,Clam
Agrolatina,24A8831140,0.0,01/20/2025,17,ALLISON,Clam
Agrolatina,24A8834237,0.0,04/04/2025,39,TIMCO,Clam
Agrolatina,24A8837982,320.0,02/01/2025,15,CANDY DREAMS,Clam
Agrolatina,24A8840923,0.0,04/01/2025,28,COTTON CANDY,Clam
Agrolatina,24A8846752,240.0,02/19/2025,12,SWEET GLOBE,Clam
Agrolatina,24A8846881,0.0,02/24/2025,28,IVORY,Clam
Agrolatina,24A8849068,0.0,01/29/2025,12,SWEET GLOBE,Clam
Agrolatina,24A8850665,400.0,04/02/2025,35,TIMCO,Clam
Agrolatina,24A8851933,240.0,01/29/2025,2,SWEET GLOBE,Clam
Agrolatina,24A8856616,0.0,04/01/2025,28,COTTON CANDY,Clam
Agrolatina,24A8860133,400.0,01/28/2025,11,SWEET GLOBE,Clam
Agrolatina,24A8860600,0.0,02/22/2025,26,ALLISON,Clam
Agrolatina,24A8862028,0.0,02/03/2025,7,TIMCO,Clam
Agrolatina,24A8863390,0.0,01/30/2025,3,SWEET GLOBE,Clam
Agrolatina,24A8865270,0.0,01/30/2025,3,SWEET GLOBE,Clam
Agrolatina,24A8870791,0.0,01/15/2025,5,ALLISON,Clam
Agrolatina,24A8871360,560.0,01/18/2025,15,ALLISON,Clam
Agrolatina,24A8872738,222.0,03/29/2025,40,IVORY,Clam
Agrolatina,24A8873547,0.0,01/29/2025,12,SWEET GLOBE,Clam
Agrolatina,24A8880931,160.0,01/15/2025,5,SWEET GLOBE,Clam
Agrolatina,24A8886164,0.0,01/30/2025,13,SWEET GLOBE,Clam
Agrolatina,24A8886328,0.0,03/19/2025,47,SWEET GLOBE,Bag
Agrolatina,24A8894318,0.0,01/30/2025,3,SWEET GLOBE,Clam
Agrolatina,24A8897997,0.0,02/04/2025,25,IVORY,Clam
Agrolatina,24A8898015,0.0,01/22/2025,12,SWEET GLOBE,Clam
Agrolatina,24A8911705,0.0,04/04/2025,28,AUTUMN CRISP,Clam
Agrolatina,24A8912089,0.0,01/30/2025,3,SWEET GLOBE,Clam
Agrolatina,24A8912661,340.0,03/05/2025,27,SWEET GLOBE,Clam
Agrolatina,24A8931050,1600.0,03/04/2025,0,TIMCO,Clam
Agrolatina,24A8931129,0.0,01/29/2025,2,IVORY,Clam
Agrolatina,24A8931445,125.0,03/05/2025,28,SWEET GLOBE,Clam
Agrolatina,24A8936874,340.0,03/31/2025,27,IVORY,Clam
Agrolatina,24A8938389,1280.0,03/31/2025,22,COTTON CANDY,Clam
Agrolatina,24A8941791,0.0,03/20/2025,34,TIMCO,Clam
Agrolatina,24A8944661,0.0,03/27/2025,41,TIMCO,Clam
Agrolatina,24A8946258,0.0,03/20/2025,34,TIMCO,Clam
Agrolatina,24A8947950,485.0,05/01/2025,53,SWEET FAVORS,Clam
Agrolatina,24A8948406,1440.0,03/07/2025,0,TIMCO,Bag
Agrolatina,24A8949151,145.0,03/12/2025,23,IVORY,Bag
Agrolatina,24A8950258,0.0,01/22/2025,12,SWEET GLOBE,Clam
Agrolatina,24A8952440,0.0,01/30/2025,3,SWEET GLOBE,Clam
Agrolatina,24A8954395,400.0,04/02/2025,24,IVORY,Clam
Agrolatina,24A8957542,0.0,02/03/2025,21,CANDY SNAP,Clam
Agrolatina,24A8960385,1.0,04/01/2025,28,COTTON CANDY,Clam
Agrolatina,24A8961100,220.0,03/29/2025,40,IVORY,Clam
Agrolatina,24A8962670,0.0,04/09/2025,42,TIMCO,Clam
Agrolatina,24A8963674,1520.0,12/27/2024,0,IVORY,Clam
Agrolatina,24A8963695,520.0,04/07/2025,34,SWEET GLOBE,Bag
Agrolatina,24A8964631,0.0,01/30/2025,13,SWEET GLOBE,Clam
Agrolatina,24A8968513,31.0,03/01/2025,43,CANDY DREAMS,Clam
Agrolatina,24A8970378,0.0,02/03/2025,17,ALLISON,Clam
Agrolatina,24A8972920,0.0,01/30/2025,3,SWEET GLOBE,Clam
Agrolatina,24A8987300,206.0,04/07/2025,29,IVORY,Clam
Agrolatina,24A8997735,0.0,03/27/2025,45,SWEET FAVORS,Clam
Agrolatina,24A9001013,43.0,04/18/2025,39,TIMCO,Clam
Agrolatina,24A9001862,0.0,02/13/2025,41,SWEET GLOBE,Clam
Agrolatina,24A9005687,130.0,03/12/2025,20,SWEET GLOBE,Clam
Agrolatina,24A9006519,0.0,01/21/2025,18,CANDY SNAP,Clam
Agrolatina,24A9007776,1600.0,03/10/2025,0,AUTUMN CRISP,Clam
Agrolatina,24A9008056,0.0,03/22/2025,36,AUTUMN CRISP,Clam
Agrolatina,24A9011055,160.0,03/22/2025,33,IVORY,Clam
Agrolatina,24A9013436,0.0,03/14/2025,31,TIMCO,Clam
Agrolatina,24A9015491,0.0,01/30/2025,27,SWEET GLOBE,Clam
Agrolatina,24A9018232,0.0,01/27/2025,24,SWEET GLOBE,Clam
Agrolatina,24A9020950,320.0,01/30/2025,27,SWEET GLOBE,Clam
Agrolatina,24A9021597,80.0,01/17/2025,14,ALLISON,Clam
Agrolatina,24A9022007,0.0,02/24/2025,17,SWEET GLOBE,Clam
Agrolatina,24A9022095,80.0,01/15/2025,12,IVORY,Clam
Agrolatina,24A9022886,0.0,01/29/2025,26,SWEET GLOBE,Clam
Agrolatina,24A9022947,670.0,03/27/2025,17,COTTON CANDY,Clam
Agrolatina,24A9022968,0.0,02/12/2025,40,ALLISON,Clam
Agrolatina,24A9025515,0.0,03/27/2025,41,TIMCO,Clam
Agrolatina,24A9026928,640.0,01/13/2025,3,CANDY SNAP,Clam
Agrolatina,24A9027626,12.0,03/01/2025,43,CANDY DREAMS,Clam
Agrolatina,24A9027821,455.0,04/07/2025,34,IVORY,Clam
Agrolatina,24A9028550,0.0,01/17/2025,14,ALLISON,Clam
Agrolatina,24A9028825,0.0,01/23/2025,14,SWEET GLOBE,Clam
Agrolatina,24A9032204,1280.0,12/27/2024,0,SWEET GLOBE,Clam
Agrolatina,24A9033900,0.0,01/21/2025,18,CANDY SNAP,Clam
Agrolatina,24A9034070,0.0,02/03/2025,31,CANDY SNAP,Clam
Agrolatina,24A9035311,0.0,02/13/2025,41,ALLISON,Clam
Agrolatina,24A9035902,0.0,01/21/2025,18,CANDY SNAP,Clam
Agrolatina,24A9042840,0.0,02/12/2025,40,SWEET GLOBE,Clam
Agrolatina,24A9045078,0.0,03/22/2025,30,TIMCO,Clam
Agrolatina,24A9045578,0.0,02/10/2025,38,ALLISON,Clam
Agrolatina,24A9046957,0.0,03/04/2025,3,SWEET GLOBE,Clam
Agrolatina,24A9050858,280.0,04/02/2025,44,IVORY,Clam
Agrolatina,24A9051004,320.0,04/05/2025,32,IVORY,Clam
Agrolatina,24A9051399,240.0,03/31/2025,71,CANDY SNAP,Clam
Agrolatina,24A9055230,320.0,04/01/2025,33,CANDY DREAMS,Clam
Agrolatina,24A9062243,704.0,03/05/2025,27,SWEET GLOBE,Clam
Agrolatina,24A9066927,161.0,02/26/2025,41,CANDY SNAP,Clam
Agrolatina,24A9067076,280.0,03/29/2025,25,IVORY,Clam
Agrolatina,24A9069505,0.0,04/14/2025,28,TIMCO,Clam
Agrolatina,24A9080947,42.0,03/27/2025,42,ALLISON,Clam
Agrolatina,24A9085001,1040.0,03/04/2025,0,TIMCO,Clam
Agrolatina,24A9085030,0.0,01/31/2025,28,SWEET GLOBE,Clam
Agrolatina,24A9085278,1600.0,12/27/2024,0,SWEET GLOBE,Clam
Agrolatina,24A9086538,0.0,05/12/2025,63,TIMCO,Clam
Agrolatina,24A9087140,2.0,02/17/2025,27,ALLISON,Clam
Agrolatina,24A9092269,0.0,05/12/2025,69,TIMCO,Clam
Agrolatina,24A9096182,45.0,03/11/2025,26,SWEET GLOBE,Clam
Agrolatina,24A9102346,90.0,03/29/2025,40,IVORY,Clam
Agrolatina,24A9105238,139.0,04/24/2025,59,TIMCO,Clam
Agrolatina,24A9111380,0.0,03/05/2025,29,AUTUMN CRISP,Clam
Agrolatina,24A9112072,0.0,01/23/2025,5,SWEET GLOBE,Clam
Agrolatina,24A9115724,0.0,02/05/2025,6,SWEET GLOBE,Clam
Agrolatina,24A9116144,720.0,04/24/2025,51,TIMCO,Clam
Agrolatina,24A9116227,0.0,03/11/2025,29,TIMCO,Clam
Agrolatina,24A9116525,0.0,02/19/2025,16,SWEET GLOBE,Clam
Agrolatina,24A9116931,0.0,04/06/2025,34,TIMCO,Clam
Agrolatina,24A9117136,0.0,02/25/2025,1,COTTON CANDY,Clam
Agrolatina,24A9117795,0.0,03/27/2025,24,AUTUMN CRISP,Clam
Agrolatina,24A9118092,0.0,03/20/2025,38,TIMCO,Clam
Agrolatina,24A9118260,331.0,03/15/2025,26,SWEET GLOBE,Clam
Agrolatina,24A9118657,0.0,03/27/2025,31,TIMCO,Clam
Agrolatina,24A9119099,1062.0,02/17/2025,20,CANDY SNAP,Clam
Agrolatina,24A9119592,1120.0,04/25/2025,46,TIMCO,Clam
Agrolatina,24A9120361,0.0,03/29/2025,26,AUTUMN CRISP,Clam
Agrolatina,24A9122143,280.0,03/14/2025,25,SWEET GLOBE,Clam
Agrolatina,24A9122786,0.0,03/24/2025,28,AUTUMN CRISP,Clam
Agrolatina,24A9124685,1520.0,03/07/2025,0,TIMCO,Clam
Agrolatina,24A9124936,320.0,02/15/2025,27,IVORY,Clam
Agrolatina,24A9124958,500.0,03/15/2025,16,SWEET GLOBE,Clam
Agrolatina,24A9124978,38.0,02/27/2025,21,CANDY DREAMS,Clam
Agrolatina,24A9125043,0.0,03/04/2025,28,ALLISON,Clam
Agrolatina,24A9133732,0.0,03/10/2025,32,ALLISON,Clam
Agrolatina,24A9138800,0.0,02/21/2025,17,ALLISON,Clam
Agrolatina,24A9139878,0.0,02/25/2025,21,SWEET GLOBE,Clam
Agrolatina,24A9140460,320.0,03/17/2025,21,SWEET GLOBE,Clam
Agrolatina,24A9146520,640.0,12/30/2024,0,ALLISON,Clam
Agrolatina,24A9150431,0.0,03/21/2025,39,SWEET FAVORS,Clam
Agrolatina,24A9150998,73.0,03/01/2025,41,SWEET GLOBE,Clam
Agrolatina,24A9151510,335.0,02/27/2025,16,SWEET GLOBE,Clam
Agrolatina,24A9153067,456.0,03/12/2025,20,IVORY,Bag
Agrolatina,24A9153169,210.0,03/12/2025,29,IVORY,Bag
Agrolatina,24A9155481,320.0,02/24/2025,0,AUTUMN CRISP,Clam
Agrolatina,24A9160701,460.0,04/08/2025,35,IVORY,Clam
Agrolatina,24A9161606,0.0,03/14/2025,35,ALLISON,Clam
Agrolatina,24A9162601,301.0,04/05/2025,32,IVORY,Clam
Agrolatina,24A9163193,1280.0,12/27/2024,0,SWEET GLOBE,Clam
Agrolatina,24A9164121,1600.0,03/04/2025,0,TIMCO,Clam
Agrolatina,24A9167533,12.0,02/25/2025,26,CANDY DREAMS,Clam
Agrolatina,24A9169027,150.0,03/04/2025,44,SWEET GLOBE,Clam
Agrolatina,24A9179055,150.0,03/12/2025,35,SWEET GLOBE,Clam
Agrolatina,24A9181230,382.0,04/30/2025,78,COTTON CANDY,Bag
Agrolatina,24A9181962,1630.0,03/10/2025,33,SWEET GLOBE,Clam
Agrolatina,24A9182146,0.0,02/04/2025,22,SWEET GLOBE,Clam
Agrolatina,24A9184979,540.0,03/18/2025,14,SWEET GLOBE,Clam
Agrolatina,24A9185715,0.0,01/24/2025,6,SWEET GLOBE,Clam
Agrolatina,24A9189407,12.0,04/18/2025,39,TIMCO,Clam
Agrolatina,24A9195821,676.0,04/12/2025,39,ALLISON,Bag
Agrolatina,24A9197060,0.0,02/25/2025,21,SWEET GLOBE,Clam
Agrolatina,24A9201903,90.0,03/11/2025,26,SWEET GLOBE,Clam
Agrolatina,24A9209140,0.0,02/18/2025,7,COTTON CANDY,Clam
Agrolatina,24A9212041,274.0,03/29/2025,40,IVORY,Clam
Agrolatina,24A9213310,0.0,02/25/2025,21,SWEET GLOBE,Clam
Agrolatina,24A9214677,120.0,03/05/2025,22,SWEET GLOBE,Clam
Agrolatina,24A9219314,80.0,02/18/2025,30,SWEET GLOBE,Clam
Agrolatina,24A9233082,0.0,02/26/2025,22,SWEET GLOBE,Clam
Agrolatina,24A9249390,555.0,03/11/2025,33,SWEET GLOBE,Bag
Agrolatina,24A9249893,131.0,03/14/2025,25,SWEET GLOBE,Clam
Agrolatina,24A9252006,0.0,01/21/2025,18,SWEET GLOBE,Clam
Agrolatina,24A9260151,0.0,02/26/2025,22,SWEET GLOBE,Clam
Agrolatina,24A9265831,160.0,03/04/2025,28,ALLISON,Clam
Agrolatina,24A9266490,0.0,03/09/2025,26,ALLISON,Clam
Agrolatina,24A9269077,0.0,04/22/2025,43,TIMCO,Clam
Agrolatina,24A9272929,0.0,03/27/2025,31,AUTUMN CRISP,Clam
Agrolatina,24A9274896,263.0,03/05/2025,27,SWEET GLOBE,Clam
Agrolatina,24A9275104,0.0,04/14/2025,35,TIMCO,Clam
Agrolatina,24A9279096,1600.0,12/29/2024,0,ALLISON,Clam
Agrolatina,24A9283521,160.0,04/08/2025,50,IVORY,Clam
Agrolatina,24A9285340,0.0,03/04/2025,28,SWEET GLOBE,Clam
Agrolatina,24A9290553,0.0,03/04/2025,28,SWEET GLOBE,Clam
Agrolatina,24A9292751,100.0,03/31/2025,71,CANDY SNAP,Clam
Agrolatina,24A9296464,438.0,04/08/2025,35,IVORY,Clam
Agrolatina,24A9299109,0.0,03/06/2025,30,SWEET GLOBE,Clam
Agrolatina,24A9311713,280.0,03/01/2025,18,SWEET GLOBE,Clam
Agrolatina,24A9314875,0.0,03/19/2025,37,SWEET FAVORS,Clam
Agrolatina,24A9316158,-51.0,03/14/2025,54,ALLISON,Clam
Agrolatina,24A9319858,0.0,02/22/2025,23,SWEET GLOBE,Clam
Agrolatina,24A9322649,337.0,03/12/2025,34,SWEET GLOBE,Bag
Agrolatina,24A9331002,0.0,03/03/2025,20,SWEET GLOBE,Clam
Agrolatina,24A9332631,1600.0,03/04/2025,0,AUTUMN CRISP,Clam
Agrolatina,24A9337127,178.0,03/05/2025,28,SWEET GLOBE,Clam
Agrolatina,24A9342776,0.0,02/11/2025,21,SWEET GLOBE,Clam
Agrolatina,24A9346701,140.0,03/28/2025,18,IVORY,Clam
Agrolatina,24A9356309,160.0,02/05/2025,23,ALLISON,Clam
Agrolatina,24A9357239,0.0,04/10/2025,32,TIMCO,Clam
Agrolatina,24A9375913,710.0,04/08/2025,30,IVORY,Bag
Agrolatina,24A9383384,0.0,04/26/2025,19,JACK SALUTE,Clam
Agrolatina,24A9384962,480.0,03/06/2025,30,SWEET GLOBE,Clam
Agrolatina,24A9392079,180.0,03/04/2025,21,CANDY DREAMS,Clam
Agrolatina,24A9394989,90.0,03/12/2025,23,SWEET GLOBE,Clam
Agrolatina,24A9399896,115.0,03/17/2025,28,SWEET GLOBE,Clam
Agrolatina,24A9402897,0.0,02/04/2025,22,SWEET GLOBE,Clam
Agrolatina,24A9441270,400.0,04/26/2025,46,TIMCO,Clam
Agrolatina,24A9442506,0.0,03/10/2025,50,ALLISON,Clam
Agrolatina,24A9458977,14.0,03/04/2025,31,CANDY DREAMS,Clam
Agrolatina,24A9460618,0.0,02/13/2025,41,ALLISON,Clam
Agrolatina,24A9466646,320.0,03/04/2025,0,AUTUMN CRISP,Clam
Agrolatina,24A9466862,238.0,03/31/2025,71,CANDY SNAP,Clam
Agrolatina,24A9467691,160.0,04/03/2025,27,COTTON CANDY,Clam
Agrolatina,24A9468722,0.0,03/06/2025,23,ALLISON,Clam
Agrolatina,24A9469322,0.0,01/30/2025,27,SWEET GLOBE,Clam
Agrolatina,24A9469901,0.0,01/23/2025,5,SWEET GLOBE,Clam
Agrolatina,24A9476496,22.0,04/21/2025,75,CANDY DREAMS,Clam
Agrolatina,24A9482077,88.0,03/28/2025,52,CANDY DREAMS,Clam
Agrolatina,24A9482502,807.0,05/11/2025,68,SWEET GLOBE,Clam
Agrolatina,24A9483068,1600.0,12/27/2024,0,IVORY,Clam
Agrolatina,24A9484278,0.0,04/15/2025,39,AUTUMN CRISP,Clam
Agrolatina,24A9508588,0.0,03/05/2025,29,AUTUMN CRISP,Clam
Agrolatina,24A9514045,0.0,03/22/2025,39,AUTUMN CRISP,Clam
Agrolatina,24A9516921,0.0,01/31/2025,13,IVORY,Clam
Agrolatina,24A9519688,0.0,03/10/2025,34,SWEET GLOBE,Clam
Agrolatina,24A9532674,0.0,02/03/2025,7,SWEET GLOBE,Clam
Agrolatina,24A9533788,0.0,02/11/2025,21,SWEET GLOBE,Clam
Agrolatina,24A9539235,495.0,04/07/2025,34,IVORY,Clam
Agrolatina,24A9558261,0.0,01/29/2025,22,SWEET GLOBE,Clam
Agrolatina,24A9566082,160.0,04/11/2025,38,CANDY DREAMS,Clam
Agrolatina,24A9580303,0.0,03/07/2025,24,SWEET GLOBE,Clam
Agrolatina,24A9588201,0.0,02/05/2025,33,SWEET GLOBE,Clam
Agrolatina,24A9593126,0.0,03/07/2025,31,SWEET GLOBE,Clam
Agrolatina,24A9611322,0.0,03/19/2025,43,SWEET GLOBE,Clam
Agrolatina,24A9617233,80.0,03/06/2025,33,ALLISON,Clam
Agrolatina,24A9618461,0.0,03/06/2025,33,ALLISON,Clam
Agrolatina,24A9620800,320.0,05/08/2025,15,SWEET GLOBE,Clam
Agrolatina,24A9620902,400.0,02/24/2025,0,AUTUMN CRISP,Clam
Agrolatina,24A9621180,0.0,01/22/2025,9,IVORY,Clam
Agrolatina,24A9621452,400.0,03/27/2025,24,AUTUMN CRISP,Clam
Agrolatina,24A9621555,0.0,03/17/2025,33,TIMCO,Clam
Agrolatina,24A9621684,1600.0,12/23/2024,0,ALLISON,Clam
Agrolatina,24A9622145,1600.0,12/29/2024,0,SWEET GLOBE,Clam
Agrolatina,24A9622443,0.0,04/15/2025,36,TIMCO,Clam
Agrolatina,24A9623012,1600.0,12/29/2024,0,ALLISON,Clam
Agrolatina,24A9623100,1600.0,02/24/2025,0,AUTUMN CRISP,Clam
Agrolatina,24A9623157,0.0,04/06/2025,41,TIMCO,Clam
Agrolatina,24A9623162,0.0,04/29/2025,15,SWEET GLOBE,Clam
Agrolatina,24A9623368,0.0,03/06/2025,10,IVORY,Clam
Agrolatina,24A9623753,1600.0,03/03/2025,0,AUTUMN CRISP,Clam
Agrolatina,24A9623820,0.0,03/05/2025,30,ALLISON,Clam
Agrolatina,24A9630410,130.0,03/11/2025,22,SWEET GLOBE,Clam
Agrolatina,24A9647970,481.0,04/11/2025,38,COTTON CANDY,Clam
Agrolatina,24A9648730,0.0,03/31/2025,27,TIMCO,Clam
Agrolatina,24A9657299,148.0,03/06/2025,33,CANDY DREAMS,Clam
Agrolatina,24A9659202,303.0,03/15/2025,26,SWEET GLOBE,Clam
Agrolatina,24A9660688,511.0,03/17/2025,28,SWEET GLOBE,Clam
Agrolatina,24A9661736,230.0,03/27/2025,38,IVORY,Clam
Agrolatina,24A9663967,246.0,03/15/2025,26,SWEET GLOBE,Clam
Agrolatina,24A9668890,219.0,03/29/2025,40,IVORY,Clam
Agrolatina,24A9670825,0.0,02/12/2025,25,SWEET GLOBE,Clam
Agrolatina,24A9671068,1280.0,12/22/2024,0,CANDY SNAP,Clam
Agrolatina,24A9673151,106.0,03/17/2025,34,SWEET GLOBE,Clam
Agrolatina,24A9688005,83.0,03/06/2025,33,CANDY DREAMS,Clam
Agrolatina,24A9688860,130.0,03/11/2025,22,SWEET GLOBE,Clam
Agrolatina,24A9689390,270.0,03/05/2025,34,SWEET GLOBE,Clam
Agrolatina,24A9690281,0.0,03/18/2025,40,ALLISON,Clam
Agrolatina,24A9690426,0.0,02/12/2025,36,SWEET GLOBE,Clam
Agrolatina,24A9696130,240.0,01/18/2025,15,CANDY SNAP,Clam
Agrolatina,24A9700915,0.0,01/16/2025,13,ALLISON,Clam
Agrolatina,24A9705909,1440.0,02/24/2025,0,TIMCO,Clam
Agrolatina,24A9706150,0.0,04/02/2025,37,TIMCO,Clam
Agrolatina,24A9708261,0.0,02/19/2025,16,SWEET GLOBE,Clam
Agrolatina,24A9708602,0.0,01/29/2025,26,SWEET GLOBE,Clam
Agrolatina,24A9708662,1600.0,12/23/2024,0,ALLISON,Clam
Agrolatina,24A9708791,0.0,01/20/2025,7,ALLISON,Clam
Agrolatina,24A9708913,1280.0,12/29/2024,0,ALLISON,Clam
Agrolatina,24A9708960,1600.0,02/24/2025,0,TIMCO,Clam
Agrolatina,24A9709912,64.0,03/11/2025,22,SWEET GLOBE,Clam
Agrolatina,24A9710618,0.0,03/17/2025,35,TIMCO,Clam
Agrolatina,24A9711630,0.0,04/01/2025,36,COTTON CANDY,Clam
Agrolatina,24A9714781,30.0,03/12/2025,23,SWEET GLOBE,Clam
Agrolatina,24A9715287,120.0,03/05/2025,27,SWEET GLOBE,Clam
Agrolatina,24A9718447,640.0,01/18/2025,15,CANDY SNAP,Clam
Agrolatina,24A9719420,480.0,02/17/2025,0,AUTUMN CRISP,Clam
Agrolatina,24A9719870,30.0,03/18/2025,40,ALLISON,Clam
Agrolatina,24A9720642,170.0,03/15/2025,26,SWEET GLOBE,Clam
Agrolatina,24A9727156,140.0,03/19/2025,36,SWEET GLOBE,Bag
Agrolatina,24A9727164,339.0,04/01/2025,43,IVORY,Clam
Agrolatina,24A9727460,210.0,03/19/2025,36,SWEET GLOBE,Bag
Agrolatina,24A9729884,160.0,03/14/2025,31,TIMCO,Clam
Agrolatina,24A9742140,560.0,04/11/2025,38,COTTON CANDY,Clam
Agrolatina,24A9744789,107.0,03/28/2025,39,IVORY,Clam
Agrolatina,24A9745548,60.0,03/12/2025,23,SWEET GLOBE,Clam
Agrolatina,24A9747854,0.0,01/18/2025,15,CANDY SNAP,Clam
Agrolatina,24A9747962,365.0,03/25/2025,65,IVORY,Clam
Agrolatina,24A9749778,0.0,03/20/2025,43,SWEET GLOBE,Bag
Agrolatina,24A9749839,0.0,03/18/2025,22,AUTUMN CRISP,Clam
Agrolatina,24A9750423,0.0,01/21/2025,8,SWEET GLOBE,Clam
Agrolatina,24A9750742,0.0,03/08/2025,26,TIMCO,Clam
Agrolatina,24A9750932,0.0,04/15/2025,36,AUTUMN CRISP,Clam
Agrolatina,24A9750980,0.0,05/03/2025,61,ALLISON,Clam
Agrolatina,24A9751100,0.0,01/14/2025,6,ALLISON,Clam
Agrolatina,24A9751672,1360.0,12/07/2024,0,CANDY SNAP,Clam
Agrolatina,24A9752262,257.0,03/12/2025,37,SWEET GLOBE,Bag
Agrolatina,24A9752508,0.0,01/23/2025,14,ALLISON,Clam
Agrolatina,24A9766228,289.0,04/05/2025,47,IVORY,Clam
Agrolatina,24A9766629,0.0,01/30/2025,12,SWEET GLOBE,Clam
Agrolatina,24A9766790,0.0,03/19/2025,43,SWEET GLOBE,Clam
Agrolatina,24A9772250,310.0,04/03/2025,30,IVORY,Clam
Agrolatina,24A9775894,0.0,02/05/2025,9,SWEET GLOBE,Clam
Agrolatina,24A9777897,0.0,02/12/2025,40,SWEET GLOBE,Clam
Agrolatina,24A9778454,110.0,03/13/2025,53,SWEET GLOBE,Clam
Agrolatina,24A9786130,0.0,01/17/2025,14,ALLISON,Clam
Agrolatina,24A9806466,254.0,03/29/2025,25,IVORY,Clam
Agrolatina,24A9807502,0.0,01/31/2025,18,SWEET GLOBE,Clam
Agrolatina,24A9807927,148.0,03/31/2025,77,CANDY SNAP,Clam
Agrolatina,24A9811478,50.0,03/05/2025,45,SWEET GLOBE,Clam
Agrolatina,24A9820674,80.0,02/10/2025,11,SWEET GLOBE,Clam
Agrolatina,24A9821671,80.0,03/03/2025,14,SWEET GLOBE,Clam
Agrolatina,24A9821964,143.0,03/12/2025,23,SWEET GLOBE,Clam
Agrolatina,24A9823225,0.0,03/08/2025,24,ALLISON,Clam
Agrolatina,24A9824156,75.0,03/03/2025,53,ALLISON,Clam
Agrolatina,24A9824987,437.0,03/28/2025,24,IVORY,Clam
Agrolatina,24A9826816,0.0,01/21/2025,18,SWEET GLOBE,Clam
Agrolatina,24A9827411,0.0,01/18/2025,15,ALLISON,Clam
Agrolatina,24A9831519,410.0,03/19/2025,15,SWEET GLOBE,Clam
Agrolatina,24A9834597,0.0,02/26/2025,9,IVORY,Clam
Agrolatina,24A9838550,260.0,03/17/2025,13,SWEET GLOBE,Clam
Agrolatina,24A9840120,108.0,03/04/2025,21,SWEET GLOBE,Clam
Agrolatina,24A9841894,110.0,03/11/2025,26,CANDY DREAMS,Clam
Agrolatina,24A9842397,380.0,04/14/2025,36,TIMCO,Bag
Agrolatina,24A9842761,257.0,02/17/2025,35,CANDY SNAP,Clam
Agrolatina,24A9845375,0.0,02/04/2025,22,SWEET GLOBE,Clam
Agrolatina,24A9850460,0.0,04/28/2025,14,SWEET GLOBE,Clam
Agrolatina,24A9858161,0.0,02/12/2025,40,SWEET GLOBE,Clam
Agrolatina,24A9860726,0.0,03/17/2025,34,TIMCO,Clam
Agrolatina,24A9862114,0.0,03/05/2025,22,SWEET GLOBE,Clam
Agrolatina,24A9865184,46.0,05/08/2025,65,TIMCO,Clam
Agrolatina,24A9866956,0.0,04/15/2025,42,AUTUMN CRISP,Clam
Agrolatina,24A9868748,40.0,03/01/2025,41,SWEET GLOBE,Clam
Agrolatina,24A9876445,0.0,04/16/2025,43,TIMCO,Clam
Agrolatina,24A9882700,0.0,04/03/2025,24,AUTUMN CRISP,Clam
Agrolatina,24A9883008,0.0,04/04/2025,32,SWEET GLOBE,Clam
Agrolatina,24A9883190,1600.0,03/03/2025,0,AUTUMN CRISP,Clam
Agrolatina,24A9884051,1600.0,03/03/2025,0,AUTUMN CRISP,Clam
Agrolatina,24A9884133,281.0,02/19/2025,37,CANDY SNAP,Clam
Agrolatina,24A9884386,19.0,02/19/2025,37,CANDY SNAP,Clam
Agrolatina,24A9884935,80.0,04/04/2025,32,COTTON CANDY,Clam
Agrolatina,24A9885119,1349.0,04/26/2025,47,TIMCO,Clam
Agrolatina,24A9885382,0.0,12/24/2024,8,CANDY SNAP,Clam
Agrolatina,24A9885464,0.0,04/06/2025,41,TIMCO,Clam
Agrolatina,24A9886286,320.0,05/14/2025,37,JACK SALUTE,Clam
Agrolatina,24A9886985,0.0,03/17/2025,32,IVORY,Bag
Agrolatina,24A9889668,1600.0,03/03/2025,0,AUTUMN CRISP,Clam
Agrolatina,24A9889713,80.0,01/15/2025,2,IVORY,Clam
Agrolatina,24A9890078,168.0,03/11/2025,36,CANDY DREAMS,Clam
Agrolatina,24A9890904,0.0,02/15/2025,16,SWEET GLOBE,Clam
Agrolatina,24A9890925,0.0,04/11/2025,32,AUTUMN CRISP,Clam
Agrolatina,24A9892065,1600.0,12/29/2024,0,CANDY SNAP,Clam
Agrolatina,24A9892229,6.0,02/10/2025,28,CANDY SNAP,Clam
Agrolatina,24A9892574,0.0,12/24/2024,8,CANDY SNAP,Clam
Agrolatina,24A9892682,0.0,03/09/2025,34,ALLISON,Clam
Agrolatina,24A9893020,0.0,03/18/2025,22,SWEET GLOBE,Clam
Agrolatina,24A9893122,0.0,03/26/2025,23,AUTUMN CRISP,Clam
Agrolatina,24A9893400,0.0,04/29/2025,22,JACK SALUTE,Clam
Agrolatina,24A9893647,1360.0,01/15/2025,2,SWEET GLOBE,Clam
Agrolatina,24A9894366,560.0,05/07/2025,44,JACK SALUTE,Clam
Agrolatina,24A9895070,100.0,04/07/2025,29,IVORY,Clam
Agrolatina,24A9911079,460.0,03/17/2025,13,SWEET GLOBE,Clam
Agrolatina,24A9927035,18.0,03/31/2025,33,CANDY DREAMS,Clam
Agrolatina,24A9940799,0.0,02/15/2025,19,SWEET GLOBE,Clam
Agrolatina,24A9952613,0.0,01/30/2025,3,SWEET GLOBE,Clam
Agrolatina,24A9961813,80.0,03/18/2025,40,ALLISON,Clam
Agrolatina,24A9962888,105.0,03/27/2025,38,IVORY,Clam
Agrolatina,24A9977234,320.0,03/15/2025,26,SWEET GLOBE,Clam
Agrolatina,24A9990367,202.0,03/08/2025,48,SWEET GLOBE,Clam
Agrolatina,24X5405740,0.0,01/25/2025,3,SWEET GLOBE,Clam
Agrolatina,24X5480363,0.0,01/30/2025,8,SWEET GLOBE,Clam
Agrolatina,24X5543590,-400.0,01/30/2025,8,SWEET GLOBE,Clam
Agrolatina,24X5553285,0.0,02/20/2025,29,SWEET GLOBE,Clam
Agrolatina,24X5566810,-560.0,02/20/2025,29,SWEET GLOBE,Clam
Agrovita,24V2506094,288.0,04/24/2025,55,MELODY,Bag
Agrovita,24V7508204,379.0,05/03/2025,48,ALLISON,Clam
Agrovita,24V8505059,96.0,03/27/2025,37,JACK SALUTE,Bag
Agrovita,24V8511058,10.0,04/24/2025,20,MELODY,Bag
Agrovita,24V9330622,0.0,02/20/2025,10,JACK SALUTE,Bag
Agrovita,24V9336620,0.0,04/10/2025,59,ALLISON,Bag
Agrovita,24V9350378,1170.0,04/24/2025,37,MELODY,Bag
Agrovita,24V9351899,1056.0,04/24/2025,37,MELODY,Bag
Agrovita,24V9511077,582.0,04/26/2025,31,MELODY,Bag
Agrovita,24V9627198,663.0,03/27/2025,55,FLAME,Bag
Agrovita,24V9744804,2.0,04/24/2025,29,ALLISON,Bag
Agrovita,24V9861462,0.0,04/24/2025,29,MELODY,Bag
Agrovita,24V9861781,0.0,03/17/2025,27,TAWNY,Bag
Agrovita,24V9869210,108.0,03/18/2025,28,JACK SALUTE,Bag
MDT,24M1448891,289.0,04/26/2025,23,SWEET GLOBE,Bag
MDT,24M1590530,0.0,03/27/2025,17,SWEETCELEBRATION,Bag
MDT,24M1613300,0.0,05/01/2025,37,BI-COLOR,Clam
MDT,24M1619510,230.0,04/30/2025,25,SWEET GLOBE,Bag
MDT,24M2506153,0.0,04/15/2025,46,SWEETIES,Bag
MDT,24M284346,1600.0,04/23/2025,0,SWEET GLOBE,Clam
MDT,24M6081612,1.0,04/21/2025,37,SWEET SAPPHIRE,Clam
MDT,24M6322659,1536.0,04/30/2025,25,SWEET FAVORS,Bag
MDT,24M6374884,265.0,05/09/2025,40,SWEETCELEBRATION,Clam
MDT,24M6375411,0.0,04/08/2025,39,BI-COLOR,Clam
MDT,24M6698121,187.0,04/26/2025,23,SWEET GLOBE,Bag
MDT,24M6698986,961.0,05/05/2025,32,AUTUMN ROYAL,Bag
MDT,24M6955280,0.0,03/11/2025,14,SWEETCELEBRATION,Bag
MDT,24M7393565,0.0,03/21/2025,24,SWEETCELEBRATION,Clam
MDT,24M7504047,0.0,03/08/2025,26,Unknown Variety,Bag
MDT,24M8048734,0.0,04/29/2025,50,BI-COLOR,Clam
MDT,24M8215456,1920.0,05/15/2025,0,CRIMSON,Clam
MDT,24M8581603,0.0,03/27/2025,30,SWEETCELEBRATION,Clam
MDT,24M9177032,1600.0,03/31/2025,0,SWEET GLOBE,Bag
MDT,24M9177109,1056.0,04/12/2025,12,AUTUMN ROYAL,Bag
MDT,24M9177264,0.0,04/04/2025,20,SWEET GLOBE,Clam
MDT,24M9181259,240.0,05/10/2025,30,JACK SALUTE,Clam
MDT,24M9181449,0.0,05/06/2025,26,JACK SALUTE,Clam
MDT,24M9183939,0.0,04/14/2025,11,SWEET FAVORS,Clam
MDT,24M9295291,0.0,04/30/2025,18,JACK SALUTE,Bag
MDT,24M9295919,0.0,03/29/2025,14,SWEETCELEBRATION,Bag
MDT,24M9296197,0.0,03/25/2025,10,SWEETCELEBRATION,Bag
MDT,24M9299822,164.0,03/19/2025,19,Unknown Variety,Clam
MDT,24M9305635,60.0,03/18/2025,8,Unknown Variety,Clam
MDT,24M9307075,640.0,05/14/2025,14,CRIMSON,Clam
MDT,24M9307809,0.0,03/19/2025,19,SWEETCELEBRATION,Clam
MDT,24M9308699,201.0,05/10/2025,41,SWEETCELEBRATION,Clam
MDT,24M9336596,0.0,03/17/2025,7,SWEETCELEBRATION,Clam
MDT,24M9338135,0.0,03/19/2025,9,SWEETCELEBRATION,Clam
MDT,24M9338480,726.0,05/11/2025,47,Unknown Variety,Clam
MDT,24M9345350,0.0,04/30/2025,18,RED GLOBE,Bag
MDT,24M9349910,0.0,03/26/2025,23,SWEETCELEBRATION,Clam
MDT,24M9350383,0.0,04/08/2025,24,BI-COLOR,Clam
MDT,24M9352940,133.0,05/09/2025,34,SWEET GLOBE,Bag
MDT,24M9507249,96.0,03/18/2025,13,Unknown Variety,Bag
MDT,24M9511131,96.0,04/01/2025,8,SWEETCELEBRATION,Bag
MDT,24M9623989,169.0,03/18/2025,8,Unknown Variety,Clam
MDT,24M9627475,480.0,03/18/2025,18,Unknown Variety,Clam
MDT,24M9628569,-1152.0,03/10/2025,3,Unknown Variety,Bag
MDT,24M9630416,0.0,05/01/2025,32,BI-COLOR,Clam
MDT,24M9654909,192.0,03/25/2025,18,Unknown Variety,Bag
MDT,24M9655757,217.0,04/15/2025,43,Unknown Variety,Bag
MDT,24M9667499,0.0,05/05/2025,32,SWEET FAVORS,Bag
MDT,24M9695084,160.0,03/18/2025,18,Unknown Variety,Clam
MDT,24M9695680,0.0,04/29/2025,19,SWEETCELEBRATION,Clam
MDT,24M9696115,288.0,05/09/2025,27,SWEET GLOBE,Bag
MDT,24M9696202,69.0,05/08/2025,33,SWEET GLOBE,Bag
MDT,24M9698653,309.0,05/11/2025,57,Unknown Variety,Clam
MDT,24M9699500,162.0,05/14/2025,60,SWEETCELEBRATION,Clam
MDT,24M9723205,253.0,03/18/2025,18,Unknown Variety,Clam
MDT,24M9740100,0.0,05/05/2025,25,BI-COLOR,Clam
MDT,24M9741003,0.0,05/05/2025,25,JACK SALUTE,Clam
MDT,24M9832431,480.0,05/09/2025,36,SWEET GLOBE,Bag
MDT,24M9861879,0.0,03/28/2025,13,Unknown Variety,Clam
MDT,24M9861890,0.0,03/19/2025,19,SWEETCELEBRATION,Clam
MDT,24M9869381,0.0,05/03/2025,49,JACK SALUTE,Clam
Quintay,24Q1022587,348.0,05/10/2025,41,Unknown Variety,Clam
Quintay,24Q1028040,400.0,05/01/2025,27,Unknown Variety,Bag
Quintay,24Q1425427,218.0,05/09/2025,35,Unknown Variety,Bag
Quintay,24Q1483491,357.0,05/09/2025,36,Unknown Variety,Clam
Quintay,24Q1580090,440.0,05/10/2025,30,Unknown Variety,Clam
Quintay,24Q1581353,665.0,05/11/2025,21,Unknown Variety,Clam
Quintay,24Q1590484,322.0,04/30/2025,20,Unknown Variety,Clam
Quintay,24Q1612217,0.0,04/12/2025,20,Unknown Variety,Bag
Quintay,24Q1613002,191.0,05/01/2025,28,Unknown Variety,Bag
Quintay,24Q3514146,3360.0,05/13/2025,19,Unknown Variety,Bag
Quintay,24Q5343659,0.0,04/21/2025,19,Unknown Variety,Bag
Quintay,24Q5515115,259.0,05/09/2025,14,Unknown Variety,Bag
Quintay,24Q5582457,0.0,03/24/2025,17,Unknown Variety,Bag
Quintay,24Q6081741,179.0,05/07/2025,34,Unknown Variety,Bag
Quintay,24Q6081762,313.0,05/07/2025,34,Unknown Variety,Bag
Quintay,24Q6085182,361.0,05/02/2025,22,Unknown Variety,Clam
Quintay,24Q6085330,1600.0,04/10/2025,0,Unknown Variety,Clam
Quintay,24Q6114017,624.0,05/10/2025,36,Unknown Variety,Clam
Quintay,24Q6320297,400.0,05/13/2025,40,Unknown Variety,Bag
Quintay,24Q6320722,770.0,05/11/2025,21,Unknown Variety,Clam
Quintay,24Q6320785,52.0,04/03/2025,19,Unknown Variety,Bag
Quintay,24Q6366528,154.0,05/12/2025,38,Unknown Variety,Bag
Quintay,24Q6371885,536.0,05/07/2025,33,Unknown Variety,Bag
Quintay,24Q6374082,0.0,03/26/2025,18,Unknown Variety,Bag
Quintay,24Q6374713,356.0,04/09/2025,17,Unknown Variety,Bag
Quintay,24Q6597961,0.0,04/21/2025,19,Unknown Variety,Bag
Quintay,24Q6605178,0.0,04/20/2025,32,Unknown Variety,Clam
Quintay,24Q6947313,409.0,05/06/2025,48,Unknown Variety,Bag
Quintay,24Q6997572,560.0,05/08/2025,50,Unknown Variety,Bag
Quintay,24Q8006245,1280.0,04/20/2025,32,Unknown Variety,Clam
Quintay,24Q8079792,1800.0,04/27/2025,0,Unknown Variety,Bag
Quintay,24Q8972753,1200.0,05/05/2025,15,Unknown Variety,Bag
Quintay,24Q9026900,1800.0,04/27/2025,0,Unknown Variety,Clam
Quintay,24Q9027966,180.0,04/27/2025,0,Unknown Variety,Clam
Quintay,24Q9030876,1440.0,04/27/2025,0,Unknown Variety,Clam
Quintay,24Q9031358,394.0,05/10/2025,41,Unknown Variety,Clam
Quintay,24Q9083950,1205.0,04/27/2025,0,Unknown Variety,Clam
Quintay,24Q9118800,320.0,04/27/2025,23,Unknown Variety,Clam
Quintay,24Q9129277,127.0,05/03/2025,42,Unknown Variety,Clam
Quintay,24Q9179179,1350.0,04/27/2025,0,Unknown Variety,Bag
Quintay,24Q9180632,261.0,04/17/2025,33,Unknown Variety,Bag
Quintay,24Q9187770,298.0,04/28/2025,24,Unknown Variety,Bag
Quintay,24Q9228335,1600.0,04/07/2025,0,Unknown Variety,Bag
Quintay,24Q9306082,1230.0,05/09/2025,29,Unknown Variety,Bag
Quintay,24Q9307877,0.0,05/05/2025,15,Unknown Variety,Clam
Quintay,24Q9330237,720.0,04/29/2025,37,Unknown Variety,Clam
Quintay,24Q9333030,805.0,05/09/2025,29,Unknown Variety,Bag
Quintay,24Q9338840,160.0,04/16/2025,24,Unknown Variety,Clam
Quintay,24Q9463436,391.0,05/03/2025,26,Unknown Variety,Clam
Quintay,24Q9507534,417.0,05/07/2025,33,Unknown Variety,Bag
Quintay,24Q9611972,165.0,04/05/2025,5,Unknown Variety,Bag
Quintay,24Q9612120,10.0,04/15/2025,17,Unknown Variety,Bag
Quintay,24Q9620547,0.0,03/23/2025,1,Unknown Variety,Clam
Quintay,24Q9623103,70.0,04/08/2025,8,Unknown Variety,Bag
Quintay,24Q9625261,111.0,04/15/2025,17,Unknown Variety,Bag
Quintay,24Q9625277,52.0,04/15/2025,15,Unknown Variety,Bag
Quintay,24Q9627259,40.0,04/15/2025,17,Unknown Variety,Bag
Quintay,24Q9627428,0.0,03/24/2025,9,Unknown Variety,Bag
Quintay,24Q9656630,32.0,04/03/2025,27,Unknown Variety,Bag
Quintay,24Q9657507,1103.0,05/11/2025,21,Unknown Variety,Clam
Quintay,24Q9678066,0.0,05/03/2025,23,Unknown Variety,Bag
Quintay,24Q9684135,0.0,03/23/2025,1,Unknown Variety,Clam
Quintay,24Q9693228,468.0,05/04/2025,30,Unknown Variety,Clam
Quintay,24Q9694679,274.0,04/03/2025,19,Unknown Variety,Bag
Quintay,24Q9696440,245.0,05/12/2025,32,Unknown Variety,Bag
Quintay,24Q9720700,42.0,04/17/2025,33,Unknown Variety,Bag
Quintay,24Q9720905,299.0,05/07/2025,27,Unknown Variety,Bag
Quintay,24Q9725066,1620.0,05/13/2025,16,Unknown Variety,Bag
Quintay,24Q9740054,795.0,05/09/2025,29,Unknown Variety,Bag
Quintay,24Q9740374,180.0,04/27/2025,0,Unknown Variety,Clam
Quintay,24Q9740510,0.0,04/22/2025,18,Unknown Variety,Clam
Quintay,24Q9800236,0.0,04/21/2025,17,Unknown Variety,Clam
Quintay,24Q9870283,58.0,05/08/2025,34,Unknown Variety,Bag
Quintay,24Q9882321,990.0,04/27/2025,0,Unknown Variety,Bag
Quintay,24Q9883230,1800.0,04/27/2025,0,Unknown Variety,Bag
Quintay,24Q9883502,90.0,04/27/2025,0,Unknown Variety,Bag
Quintay,24Q9911438,1520.0,05/06/2025,32,Unknown Variety,Bag
Unknown Exporter,24A14634399,-60.0,03/28/2025,0,IVORY,Clam
Unknown Exporter,24A5471525,0.0,01/20/2025,2,SWEET GLOBE,Clam
Unknown Exporter,24A5472516,80.0,04/29/2025,29,JACK SALUTE,Clam
Unknown Exporter,24A5769620,0.0,01/25/2025,7,SWEET GLOBE,Clam
Unknown Exporter,24A5770560,60.0,03/14/2025,55,ALLISON,Clam
Unknown Exporter,24A5782529,0.0,04/20/2025,47,TIMCO,Clam
Unknown Exporter,24A6118654,0.0,02/17/2025,27,ALLISON,Clam
Unknown Exporter,24A6130775,20.0,03/14/2025,55,ALLISON,Clam
Unknown Exporter,24A6559846,160.0,01/31/2025,13,SWEET GLOBE,Clam
Unknown Exporter,24A8064273,0.0,01/28/2025,10,SWEET GLOBE,Clam
Unknown Exporter,24A8128336,18.0,03/27/2025,68,ALLISON,Clam
Unknown Exporter,24A8184556,20.0,03/17/2025,58,SWEET GLOBE,Clam
Unknown Exporter,24A8229613,-1.0,02/04/2025,17,SWEET GLOBE,Clam
Unknown Exporter,24A8785802,0.0,02/21/2025,34,SWEET GLOBE,Clam
Unknown Exporter,24A9028204,0.0,02/27/2025,40,ALLISON,Clam
Unknown Exporter,24A9035905,169.0,03/27/2025,68,CANDY SNAP,Clam
Unknown Exporter,24A9045351,30.0,02/25/2025,38,SWEET GLOBE,Clam
Unknown Exporter,24A9074060,320.0,01/23/2025,5,SWEET GLOBE,Clam
Unknown Exporter,24A9115832,480.0,01/18/2025,1,ALLISON,Clam
Unknown Exporter,24A9117460,0.0,01/23/2025,6,IVORY,Clam
Unknown Exporter,24A9120320,0.0,01/23/2025,6,IVORY,Clam
Unknown Exporter,24A9162603,180.0,03/06/2025,44,CANDY SNAP,Clam
Unknown Exporter,24A9179728,-59.0,03/14/2025,55,ALLISON,Clam
Unknown Exporter,24A9182402,0.0,03/07/2025,48,ALLISON,Clam
Unknown Exporter,24A9185783,0.0,02/04/2025,17,SWEET GLOBE,Clam
Unknown Exporter,24A9231999,0.0,02/17/2025,27,ALLISON,Clam
Unknown Exporter,24A9241830,40.0,02/28/2025,41,SWEET GLOBE,Clam
Unknown Exporter,24A9314793,0.0,01/31/2025,13,IVORY,Clam
Unknown Exporter,24A9329664,0.0,02/07/2025,20,SWEET GLOBE,Clam
Unknown Exporter,24A9394206,0.0,02/04/2025,17,SWEET GLOBE,Clam
Unknown Exporter,24A9436294,180.0,03/29/2025,25,IVORY,Clam
Unknown Exporter,24A9467829,482.0,02/15/2025,28,IVORY,Clam
Unknown Exporter,24A9542882,0.0,03/08/2025,49,ALLISON,Clam
Unknown Exporter,24A9558209,0.0,01/23/2025,5,SWEET GLOBE,Clam
Unknown Exporter,24A9563000,386.0,02/03/2025,16,IVORY,Clam
Unknown Exporter,24A9593553,40.0,03/05/2025,46,SWEET GLOBE,Clam
Unknown Exporter,24A9707545,0.0,02/27/2025,40,ALLISON,Clam
Unknown Exporter,24A9728202,0.0,02/14/2025,24,ALLISON,Clam
Unknown Exporter,24A9820170,10.0,02/19/2025,32,CANDY SNAP,Clam
Unknown Exporter,24A9884658,320.0,01/21/2025,3,IVORY,Clam
Unknown Exporter,24A9891773,0.0,02/03/2025,17,ALLISON,Clam
Unknown Exporter,24A9946858,-2.0,02/14/2025,24,ALLISON,Clam
Unknown Exporter,24V850559,-96.0,03/13/2025,0,JACK SALUTE,Bag
VIDEXPORT,25E22252,2160.0,05/13/2025,0,EARLY SWEET,
VIDEXPORT,25E22254,1440.0,05/13/2025,0,EARLY SWEET,
