Lotid,Exporter Clean,Initial Stock,Entry Date,Variety
BEAU9705215,AGL,1600,12/30/2023,ALLISON
BEAU9705637,AGL,1600,12/27/2023,ALLISON
BEAU9708195,AGL,1600,01/15/2024,ALLISON
BEAU9710607,AGL,1900,02/04/2024,SWEET GLOBE
BEAU9719420,AGL,1900,01/28/2024,SWEET GLOBE
BMOU9274067,AGL,1600,01/23/2024,TIMCO
BMOU9309899,AGL,1600,02/04/2024,SWEET GLOBE
BMOU9310230,AGL,1700,12/31/2023,BI-COLOR
BMOU9883335,AGL,1600,12/30/2023,IVORY
BMOU9889550,AGL,1600,12/30/2023,IVORY
BMOU9889740,AGL,1600,12/30/2023,ALLISON
BMOU9890648,AGL,1600,02/04/2024,SWEET GLOBE
BMOU9891270,AGL,1600,12/30/2023,IVORY
BMOU9891921,AGL,1600,12/30/2023,ALLISON
BMOU9892147,AGL,1700,12/30/2023,BI-COLOR
BMOU9892770,AGL,1600,02/04/2024,SWEET GLOBE
BMOU9892980,AGL,1600,12/30/2023,ALLISON
BMOU9893061,AGL,1600,01/28/2024,TIMCO
BMOU9893816,AGL,1600,02/04/2024,SWEET GLOBE
CAIU5542270,AGL,1600,01/23/2024,ALLISON
CAIU5553870,AGL,1600,01/23/2024,SWEET GLOBE
CRLU1324216,AGL,1600,01/22/2024,SWEET GLOBE
CRSU6064441,AGL,1600,12/30/2023,CANDY DREAMS
CRSU6126939,AGL,1600,12/30/2023,CANDY DREAMS
CRXU6955248,AGL,1600,01/20/2024,SWEET FAVORS
CTWU1600440,AGL,1700,12/30/2023,BI-COLOR
CTWU1600646,AGL,1600,12/27/2023,ALLISON
CTWU1601025,AGL,1600,12/30/2023,ALLISON
CTWU1601278,AGL,1600,12/15/2023,IVORY
CTWU1601365,AGL,1600,12/27/2023,SWEET GLOBE
CTWU1602607,AGL,1900,01/15/2024,SWEET FAVORS
CTWU1603162,AGL,1600,01/28/2024,TIMCO
CXRU1434990,AGL,1600,01/23/2024,CANDY DREAMS
CXRU1457260,AGL,1600,12/30/2023,IVORY
CXRU1636939,AGL,1600,01/23/2024,SWEET GLOBE
EMCU5307609,AGL,1600,01/29/2024,SWEET GLOBE
EMCU5326234,AGL,1600,01/29/2024,SWEET GLOBE
EMCU5344285,AGL,1600,01/23/2024,SWEET GLOBE
EMCU5350842,AGL,1600,12/30/2023,SWEET GLOBE
EMCU5374314,AGL,1600,12/30/2023,SWEET GLOBE
EMCU5385577,AGL,1600,12/30/2023,SWEET GLOBE
EMCU5387100,AGL,1600,12/30/2023,SWEET GLOBE
EMCU5479022,AGL,1600,12/30/2023,SWEET GLOBE
EMCU5567170,AGL,1600,12/30/2023,SWEET GLOBE
EMCU5580043,AGL,1600,12/30/2023,SWEET GLOBE
EMCU5585770,AGL,1600,12/30/2023,SWEET GLOBE
EMCU5593502,AGL,1600,01/30/2024,SWEET FAVORS
EMCU5594617,AGL,1600,12/30/2023,SWEET GLOBE
EMCU5610750,AGL,1600,01/30/2024,SWEET FAVORS
EMCU5648586,AGL,1600,01/23/2024,SWEET GLOBE
FSCU5778149,AGL,1600,12/30/2023,IVORY
FSCU5784368,AGL,1600,01/20/2024,CANDY DREAMS
HLBU9076418,AGL,1600,12/30/2023,ALLISON
HLBU9113276,AGL,1600,12/15/2023,CANDY SNAP
HLBU9130479,AGL,1600,01/22/2024,ALLISON
HLBU9182718,AGL,1600,01/22/2024,SWEET GLOBE
HLBU9458350,AGL,1600,12/15/2023,CANDY SNAP
HLBU9534608,AGL,1600,01/22/2024,SWEET GLOBE
HLBU9535688,AGL,1600,12/30/2023,CANDY SNAP
HLBU9557244,AGL,1600,01/22/2024,SWEET GLOBE
HLBU9607031,AGL,1600,01/22/2024,SWEET GLOBE
HLBU9730220,AGL,1600,12/30/2023,CANDY SNAP
HLBU9770096,AGL,1600,12/30/2023,ALLISON
HLBU9847372,AGL,1600,12/15/2023,CANDY SNAP
HLBU9866285,AGL,1600,12/17/2023,CANDY SNAP
HLBU9889784,AGL,1600,01/05/2024,ALLISON
HLBU9902778,AGL,1600,12/15/2023,CANDY SNAP
HLBU9919533,AGL,1600,01/22/2024,ALLISON
HLBU9956250,AGL,1600,01/05/2024,ALLISON
HLBU9962571,AGL,1600,12/30/2023,CANDY DREAMS
HLBU9967568,AGL,1600,01/05/2024,ALLISON
HLBU9971681,AGL,1600,12/15/2023,CANDY SNAP
HLBU9972219,AGL,1600,12/30/2023,ALLISON
HLBU9977490,AGL,1600,01/04/2024,CANDY DREAMS
MEDU9009491,AGL,1600,01/20/2024,SWEET GLOBE
MEDU9622749,AGL,1600,12/30/2023,CANDY DREAMS
MEDU9729280,AGL,1600,01/20/2024,SWEET GLOBE
MEDU9786779,AGL,1600,01/20/2024,ALLISON
MEDU9805420,AGL,1600,12/30/2023,CANDY SNAP
MEDU9807188,AGL,1600,01/20/2024,ALLISON
MMAU1269107,AGL,1600,01/30/2024,CANDY DREAMS
MMAU1303650,AGL,1800,12/30/2023,ALLISON
MMAU1304002,AGL,1800,12/30/2023,ALLISON
MMAU1311001,AGL,1600,12/30/2023,ALLISON
MMAU1367680,AGL,1600,12/30/2023,ALLISON
MMAU1373580,AGL,1600,12/30/2023,ALLISON
MMAU1440884,AGL,1600,01/23/2024,SWEET GLOBE
MNBU0004376,AGL,1600,02/06/2024,SWEET GLOBE
MNBU0069989,AGL,1600,01/23/2024,SWEET GLOBE
MNBU0100873,AGL,1600,12/30/2023,ALLISON
MNBU0142570,AGL,1600,01/28/2024,CANDY DREAMS
MNBU0191512,AGL,1600,12/30/2023,CANDY DREAMS
MNBU0213231,AGL,1600,01/08/2024,SWEET GLOBE
MNBU0219380,AGL,1600,01/22/2024,SWEET GLOBE
MNBU0249065,AGL,1600,01/23/2024,SWEET FAVORS
MNBU0251714,AGL,240,01/30/2024,SWEET GLOBE
MNBU0251714,AGL,1360,01/30/2024,TIMCO
MNBU0274406,AGL,1600,01/08/2024,SWEET GLOBE
MNBU0304183,AGL,1805,12/30/2023,ALLISON
MNBU0304183,AGL,95,12/30/2023,TIMCO
MNBU0306993,AGL,1600,01/30/2024,TIMCO
MNBU0307599,AGL,1600,02/06/2024,SWEET GLOBE
MNBU0356551,AGL,1800,12/30/2023,TIMCO
MNBU0377359,AGL,1600,01/23/2024,SWEET GLOBE
MNBU0509033,AGL,1800,01/08/2024,TIMCO
MNBU0530920,AGL,1600,01/30/2024,SWEET GLOBE
MNBU0541040,AGL,1600,01/08/2024,SWEET GLOBE
MNBU0547579,AGL,1600,01/30/2024,SWEET GLOBE
MNBU0573726,AGL,1600,01/22/2024,SWEET GLOBE
MNBU0590472,AGL,1600,02/06/2024,SWEET GLOBE
MNBU0591870,AGL,1140,02/06/2024,SWEET GLOBE
MNBU0591870,AGL,380,02/06/2024,SWEET GLOBE
MNBU0591870,AGL,380,02/06/2024,SWEET GLOBE
MNBU0599090,AGL,1600,01/23/2024,SWEET GLOBE
MNBU0603121,AGL,1600,12/30/2023,CANDY SNAP
MNBU0615755,AGL,1600,01/23/2024,SWEET GLOBE
MNBU0624633,AGL,800,01/22/2024,ALLISON
MNBU0624633,AGL,800,01/22/2024,TIMCO
MNBU3014280,AGL,1600,01/23/2024,SWEET GLOBE
MNBU3102890,AGL,1600,12/30/2023,SWEET GLOBE
MNBU3161255,AGL,1600,01/22/2024,CANDY DREAMS
MNBU3224625,AGL,1600,01/22/2024,ALLISON
MNBU3315448,AGL,1600,01/30/2024,SWEET GLOBE
MNBU3340760,AGL,1600,01/30/2024,SWEET GLOBE
MNBU3381075,AGL,1600,02/06/2024,SWEET GLOBE
MNBU3390800,AGL,1600,01/30/2024,SWEET FAVORS
MNBU3394030,AGL,1600,01/08/2024,SWEET GLOBE
MNBU3399496,AGL,1600,12/30/2023,TIMCO
MNBU3446582,AGL,570,02/04/2024,SWEET GLOBE
MNBU3446582,AGL,190,02/04/2024,SWEET GLOBE
MNBU3446582,AGL,1140,02/04/2024,SWEET GLOBE
MNBU3497168,AGL,1600,01/22/2024,SWEET GLOBE
MNBU3506357,AGL,1600,12/30/2023,CANDY DREAMS
MNBU3660721,AGL,1600,01/31/2024,SWEET FAVORS
MNBU3721848,AGL,1235,02/06/2024,SWEET GLOBE
MNBU3721848,AGL,285,02/06/2024,SWEET GLOBE
MNBU3721848,AGL,380,02/06/2024,SWEET GLOBE
MNBU3774072,AGL,1600,01/23/2024,CANDY DREAMS
MNBU3783984,AGL,1600,01/23/2024,SWEET GLOBE
MNBU3828409,AGL,1600,01/22/2024,SWEET GLOBE
MNBU3837951,AGL,1800,12/30/2023,TIMCO
MNBU3841782,AGL,1600,12/30/2023,SWEET GLOBE
MNBU3932326,AGL,1600,12/30/2023,SWEET GLOBE
MNBU3940722,AGL,1600,02/06/2024,SWEET GLOBE
MNBU3960138,AGL,1600,12/30/2023,SWEET GLOBE
MNBU3975122,AGL,1600,12/30/2023,ALLISON
MNBU3992412,AGL,80,01/30/2024,COTTON CANDY
MNBU3992412,AGL,1520,01/30/2024,SWEET GLOBE
MNBU4053471,AGL,1600,12/30/2023,SWEET GLOBE
MNBU4139019,AGL,1600,01/30/2024,SWEET GLOBE
MNBU4145829,AGL,1600,02/04/2024,SWEET GLOBE
MNBU4185267,AGL,1600,01/23/2024,SWEET GLOBE
MNBU4193869,AGL,1600,02/06/2024,SWEET GLOBE
MNBU4199086,AGL,1600,01/30/2024,SWEET GLOBE
MNBU4290452,AGL,1600,02/07/2024,SWEET GLOBE
MNBU4290658,AGL,1600,12/30/2023,SWEET GLOBE
MNBU4307920,AGL,1900,12/30/2023,TIMCO
MNBU4311832,AGL,1600,01/23/2024,SWEET GLOBE
MNBU4344250,AGL,1600,12/30/2023,SWEET GLOBE
MNBU4354351,AGL,1600,01/30/2024,SWEET GLOBE
MNBU4355764,AGL,1600,02/06/2024,SWEET GLOBE
MNBU4388048,AGL,1600,01/23/2024,TIMCO
MNBU4422564,AGL,1600,01/30/2024,CANDY DREAMS
MNBU4425120,AGL,1600,01/30/2024,SWEET GLOBE
MNBU9028912,AGL,1260,12/30/2023,ALLISON
MNBU9028912,AGL,540,12/30/2023,TIMCO
MNBU9051980,AGL,1600,01/23/2024,CANDY DREAMS
MNBU9056977,AGL,80,01/23/2024,COTTON CANDY
MNBU9056977,AGL,1520,01/23/2024,SWEET GLOBE
MNBU9097560,AGL,1600,01/23/2024,CANDY DREAMS
MNBU9132681,AGL,1600,02/06/2024,SWEET GLOBE
MNBU9133950,AGL,80,02/06/2024,COTTON CANDY
MNBU9133950,AGL,1520,02/06/2024,SWEET GLOBE
MNBU9143794,AGL,1600,02/07/2024,SWEET GLOBE
MNBU9156127,AGL,1600,12/30/2023,TIMCO
MNBU9161904,AGL,1600,02/06/2024,SWEET GLOBE
MNBU9162623,AGL,1600,01/23/2024,SWEET GLOBE
MSDU9019579,AGL,1600,12/30/2023,ALLISON
MSDU9022802,AGL,1600,01/30/2024,TIMCO
MSDU9034486,AGL,1600,12/31/2023,ALLISON
MSDU9038199,AGL,1600,01/20/2024,ALLISON
MSDU9700113,AGL,1600,02/07/2024,SWEET GLOBE
MSDU9703278,AGL,1600,01/30/2024,SWEET GLOBE
MSDU9703874,AGL,1600,02/07/2024,SWEET GLOBE
MSDU9703956,AGL,1600,02/07/2024,SWEET GLOBE
MSDU9704968,AGL,1600,01/30/2024,SWEET GLOBE
MSDU9714502,AGL,1600,02/07/2024,SWEET GLOBE
MSDU9714550,AGL,1600,02/07/2024,SWEET GLOBE
OTPU6513104,AGL,1600,12/30/2023,ALLISON
OTPU6576550,AGL,80,02/07/2024,COTTON CANDY
OTPU6576550,AGL,1520,02/07/2024,SWEET GLOBE
SEGU9521992,AGL,1600,01/23/2024,ALLISON
SEGU9545947,AGL,1700,12/30/2023,BI-COLOR
SEGU9622895,AGL,1600,12/30/2023,ALLISON
SEGU9624100,AGL,1600,12/27/2023,SWEET GLOBE
SEGU9624326,AGL,1600,12/30/2023,ALLISON
SEGU9629879,AGL,1600,01/28/2024,SWEET GLOBE
SEGU9819478,AGL,1700,12/31/2023,BI-COLOR
SEGU9883374,AGL,1900,02/04/2024,SWEET GLOBE
SEGU9884072,AGL,1600,12/30/2023,ALLISON
SEGU9884508,AGL,1600,12/27/2023,ALLISON
SEGU9884555,AGL,1600,01/28/2024,SWEET GLOBE
SEGU9884600,AGL,1600,02/04/2024,SWEET GLOBE
SEGU9885720,AGL,1700,12/30/2023,BI-COLOR
SEGU9886239,AGL,1600,01/23/2024,SWEET GLOBE
SEGU9886481,AGL,1600,12/30/2023,ALLISON
SEGU9886558,AGL,1700,12/30/2023,BI-COLOR
SEGU9886603,AGL,1600,01/28/2024,ALLISON
SEGU9887066,AGL,1600,12/27/2023,ALLISON
SEGU9887430,AGL,1600,12/15/2023,ALLISON
SEGU9887446,AGL,1600,02/04/2024,SWEET GLOBE
SEGU9992797,AGL,1600,01/20/2024,SWEET GLOBE
SEKU9118220,AGL,1330,02/04/2024,SWEET GLOBE
SEKU9118220,AGL,570,02/04/2024,SWEET GLOBE
SEKU9118425,AGL,95,02/04/2024,SWEET GLOBE
SEKU9118425,AGL,475,02/04/2024,SWEET GLOBE
SEKU9118425,AGL,1330,02/04/2024,SWEET GLOBE
SEKU9120042,AGL,1900,02/04/2024,SWEET GLOBE
SMLU5461609,AGL,1600,01/23/2024,SWEET GLOBE
SMLU5463690,AGL,1600,01/23/2024,ALLISON
SMLU5469662,AGL,1600,02/04/2024,SWEET GLOBE
SMLU5470684,AGL,1600,02/04/2024,SWEET GLOBE
SMLU5471850,AGL,1600,12/30/2023,IVORY
SMLU5472769,AGL,1600,12/30/2023,IVORY
SMLU5472877,AGL,1900,01/28/2024,SWEET FAVORS
SMLU5473066,AGL,1900,01/28/2024,SWEET GLOBE
SMLU5473507,AGL,1600,12/12/2023,CANDY SNAP
SMLU5476960,AGL,1900,01/23/2024,SWEET FAVORS
SMLU5477143,AGL,1600,02/04/2024,SWEET GLOBE
SMLU5478350,AGL,1600,12/30/2023,ALLISON
SUDU6071166,AGL,1600,01/30/2024,SWEET FAVORS
SUDU6120912,AGL,1600,12/30/2023,SWEET GLOBE
SUDU6182616,AGL,1600,12/30/2023,SWEET GLOBE
SUDU8022140,AGL,1600,01/23/2024,TIMCO
SUDU8110657,AGL,1600,12/30/2023,SWEET GLOBE
SUDU8115900,AGL,1600,01/30/2024,TIMCO
SUDU8198484,AGL,1600,01/23/2024,SWEET GLOBE
SUDU8208690,AGL,1600,12/30/2023,SWEET GLOBE
SZLU5000011,AGL,1600,12/15/2023,CANDY SNAP
SZLU5000496,AGL,1600,12/27/2023,SWEET GLOBE
SZLU5001131,AGL,1600,12/30/2023,ALLISON
SZLU5001363,AGL,1600,12/27/2023,SWEET GLOBE
SZLU5001830,AGL,1900,01/31/2024,SWEET GLOBE
SZLU5002457,AGL,1600,02/04/2024,SWEET GLOBE
SZLU5010004,AGL,1600,12/27/2023,SWEET GLOBE
SZLU9259510,AGL,1600,12/30/2023,CANDY DREAMS
SZLU9259952,AGL,1600,01/20/2024,ALLISON
SZLU9275568,AGL,1600,01/15/2024,ALLISON
SZLU9302447,AGL,1700,12/30/2023,BI-COLOR
SZLU9304286,AGL,1600,01/28/2024,SWEET GLOBE
SZLU9304537,AGL,1600,12/30/2023,IVORY
SZLU9304990,AGL,1600,01/28/2024,TIMCO
SZLU9355684,AGL,1600,01/02/2024,TIMCO
SZLU9395901,AGL,1600,12/30/2023,ALLISON
SZLU9578353,AGL,1600,01/20/2024,SWEET FAVORS
TCLU1321702,AGL,1600,12/15/2023,CANDY SNAP
TEMU9051072,AGL,1600,01/20/2024,SWEET GLOBE
TEMU9620862,AGL,1600,12/30/2023,IVORY
TEMU9621010,AGL,1700,12/30/2023,ALLISON
TEMU9622119,AGL,1600,01/23/2024,SWEET GLOBE
TEMU9622295,AGL,1600,12/27/2023,SWEET GLOBE
TEMU9624560,AGL,1600,12/30/2023,CANDY SNAP
TEMU9750110,AGL,1600,12/27/2023,SWEET GLOBE
TEMU9750151,AGL,1900,02/04/2024,SWEET GLOBE
TEMU9750228,AGL,1600,02/04/2024,SWEET GLOBE
TEMU9787398,AGL,1600,01/30/2024,SWEET GLOBE
TLLU1156490,AGL,1600,02/06/2024,SWEET GLOBE
TLLU1189087,AGL,1600,01/01/2024,SWEET FAVORS
TRIU8169319,AGL,1600,12/31/2023,ALLISON
TRIU8499178,AGL,1520,01/22/2024,ALLISON
TRIU8499178,AGL,80,01/22/2024,TIMCO
TRIU8759402,AGL,1600,01/20/2024,ALLISON
TRIU8786352,AGL,1600,01/20/2024,CANDY DREAMS
TRIU8963782,AGL,1600,01/20/2024,ALLISON
TTNU8011720,AGL,1600,12/30/2023,CANDY DREAMS
TTNU8114482,AGL,1600,12/30/2023,SWEET GLOBE
TTNU8127181,AGL,1600,01/23/2024,TIMCO
TTNU8509034,AGL,1600,02/04/2024,SWEET GLOBE
TTNU8510360,AGL,1600,12/30/2023,ALLISON
TTNU8708798,AGL,1600,01/23/2024,TIMCO
TTNU8716999,AGL,1600,12/31/2023,ALLISON
ZMOU8815767,AGL,1600,01/10/2024,ALLISON
ZMOU8899048,AGL,1600,02/04/2024,SWEET GLOBE
ZMOU8936990,AGL,1600,02/04/2024,SWEET GLOBE
24TRA101481,BORQUEZ,990,05/21/2024,FLAME
24TRA101484,BORQUEZ,900,05/23/2024,FLAME
24TRA101486,BORQUEZ,2240,05/25/2024,FLAME
24TRA101487,BORQUEZ,2520,05/25/2024,FLAME
24TRA101488,BORQUEZ,1520,05/25/2024,FLAME
24TRA101490,BORQUEZ,2340,05/27/2024,FLAME
24TRA101491,BORQUEZ,2240,05/26/2024,FLAME
24TRA101492,BORQUEZ,450,05/26/2024,FLAME
24TRA101492,BORQUEZ,1725,05/26/2024,FLAME
24TRA101493,BORQUEZ,2160,05/27/2024,FLAME
24TRA101495,BORQUEZ,2520,05/27/2024,FLAME
24TRA101497,BORQUEZ,2520,05/27/2024,FLAME
24TRA101498,BORQUEZ,150,05/27/2024,FLAME
24TRA101498,BORQUEZ,960,05/27/2024,FLAME
24TRA101498,BORQUEZ,825,05/27/2024,FLAME
24TRA101499,BORQUEZ,1710,05/28/2024,FLAME
24TRA101502,BORQUEZ,2520,05/28/2024,FLAME
24TRA101503,BORQUEZ,2520,05/28/2024,FLAME
24TRA101504,BORQUEZ,2100,05/28/2024,FLAME
24TRA101505,BORQUEZ,2520,05/28/2024,FLAME
24TRA101514,BORQUEZ,960,05/29/2024,FLAME
24TRA101515,BORQUEZ,2240,05/29/2024,FLAME
24TRA101516,BORQUEZ,2240,05/30/2024,FLAME
24TRA101517,BORQUEZ,2100,05/30/2024,FLAME
24TRA101518,BORQUEZ,2520,05/30/2024,FLAME
24TRA101519,BORQUEZ,2520,05/30/2024,FLAME
24TRA101520,BORQUEZ,2100,05/30/2024,FLAME
24TRA101523,BORQUEZ,2100,05/31/2024,FLAME
24TRA101524,BORQUEZ,2100,05/31/2024,FLAME
24TRA101526,BORQUEZ,2100,05/31/2024,FLAME
24TRA101527,BORQUEZ,2100,05/31/2024,FLAME
24TRA101528,BORQUEZ,480,05/31/2024,FLAME
24TRA101531,BORQUEZ,2240,05/31/2024,FLAME
24TRA101532,BORQUEZ,2240,06/01/2024,FLAME
24TRA101534,BORQUEZ,2520,06/01/2024,FLAME
24TRA101535,BORQUEZ,2240,06/01/2024,FLAME
24TRA101536,BORQUEZ,1200,06/01/2024,FLAME
24TRA101536,BORQUEZ,975,06/01/2024,FLAME
24TRA101537,BORQUEZ,675,06/01/2024,FLAME
24TRA101539,BORQUEZ,2520,06/02/2024,FLAME
24TRA101540,BORQUEZ,2100,06/02/2024,FLAME
24TRA101542,BORQUEZ,2520,06/02/2024,FLAME
24TRA101546,BORQUEZ,2520,06/02/2024,FLAME
24TRA101547,BORQUEZ,2100,06/02/2024,FLAME
24TRA101548,BORQUEZ,2520,06/02/2024,FLAME
24TRA101550,BORQUEZ,1440,06/02/2024,FLAME
24TRA101552,BORQUEZ,1500,06/02/2024,FLAME
24TRA101552,BORQUEZ,450,06/02/2024,FLAME
24TRA101556,BORQUEZ,2520,06/03/2024,FLAME
24TRA101559,BORQUEZ,2100,06/03/2024,FLAME
24TRA101562,BORQUEZ,450,06/03/2024,FLAME
24TRA101564,BORQUEZ,2520,06/03/2024,FLAME
24TRA101565,BORQUEZ,2430,06/03/2024,FLAME
24TRA101568,BORQUEZ,90,06/03/2024,FLAME
24TRA101568,BORQUEZ,1710,06/03/2024,FLAME
24TRA101568,BORQUEZ,600,06/03/2024,FLAME
24TRA101569,BORQUEZ,2520,06/04/2024,FLAME
24TRA101570,BORQUEZ,2520,06/04/2024,FLAME
24TRA101572,BORQUEZ,2100,06/04/2024,FLAME
24TRA101573,BORQUEZ,2160,06/05/2024,FLAME
24TRA101574,BORQUEZ,1800,06/04/2024,FLAME
24TRA101574,BORQUEZ,150,06/04/2024,FLAME
24TRA101576,BORQUEZ,1500,06/04/2024,FLAME
24TRA101577,BORQUEZ,2520,06/04/2024,FLAME
24TRA101579,BORQUEZ,2520,06/05/2024,FLAME
24TRA101580,BORQUEZ,2520,06/05/2024,FLAME
24TRA101581,BORQUEZ,750,06/05/2024,FLAME
24TRA101583,BORQUEZ,2160,06/05/2024,FLAME
24TRA101584,BORQUEZ,1500,06/05/2024,FLAME
24TRA101586,BORQUEZ,2520,06/05/2024,FLAME
24TRA101587,BORQUEZ,2070,06/05/2024,FLAME
24TRA101587,BORQUEZ,450,06/05/2024,FLAME
24TRA101588,BORQUEZ,2250,06/06/2024,FLAME
24TRA101589,BORQUEZ,2520,06/06/2024,FLAME
24TRA101593,BORQUEZ,225,06/06/2024,FLAME
24TRA101595,BORQUEZ,2520,06/06/2024,FLAME
24TRA101596,BORQUEZ,2520,06/07/2024,FLAME
24TRA101605,BORQUEZ,2520,06/07/2024,FLAME
24TRA101607,BORQUEZ,2520,06/08/2024,FLAME
24TRA101609,BORQUEZ,2520,06/08/2024,FLAME
24TRA101610,BORQUEZ,2520,06/08/2024,FLAME
24TRA101611,BORQUEZ,2520,06/08/2024,FLAME
24TRA101612,BORQUEZ,2520,06/08/2024,FLAME
24TRA101614,BORQUEZ,1170,06/08/2024,FLAME
24TRA101614,BORQUEZ,1350,06/08/2024,FLAME
24TRA101616,BORQUEZ,2520,06/09/2024,FLAME
24TRA101617,BORQUEZ,2520,06/09/2024,FLAME
24TRA101620,BORQUEZ,2520,06/09/2024,FLAME
24TRA101621,BORQUEZ,540,06/09/2024,FLAME
24TRA101621,BORQUEZ,1650,06/09/2024,FLAME
24TRA101628,BORQUEZ,225,06/10/2024,SUGAR DROP - ORG
24TRA101641,BORQUEZ,540,06/11/2024,FLAME
24TRA101649,BORQUEZ,2520,06/12/2024,FLAME
24TRA101658,BORQUEZ,270,06/13/2024,FLAME
24TRA101658,BORQUEZ,2250,06/13/2024,SUGAR DROP - ORG
24TRA101660,BORQUEZ,1125,06/13/2024,BI-COLOR
24TRA101660,BORQUEZ,675,06/13/2024,PASSION FIRE-ORG
24TRA101665,BORQUEZ,2520,06/13/2024,FLAME
24TRA101666,BORQUEZ,2520,06/13/2024,FLAME
24TRA101671,BORQUEZ,630,06/14/2024,FLAME
24TRA101671,BORQUEZ,1620,06/14/2024,FLAME
24TRA101671,BORQUEZ,270,06/14/2024,SUGAR DROP - ORG
24TRA101675,BORQUEZ,720,06/14/2024,FLAME
24TRA101675,BORQUEZ,1600,06/14/2024,FLAME
24TRA101677,BORQUEZ,2520,06/14/2024,FLAME
24TRA101682,BORQUEZ,75,06/15/2024,BI-COLOR
24TRA101682,BORQUEZ,180,06/15/2024,FLAME
24TRA101682,BORQUEZ,75,06/15/2024,PASSION FIRE-ORG
24TRA101682,BORQUEZ,1800,06/15/2024,SUGAR DROP - ORG
24TRA101684,BORQUEZ,180,06/15/2024,FLAME
24TRA101684,BORQUEZ,180,06/15/2024,FLAME
24TRA101684,BORQUEZ,225,06/15/2024,FLAME
24TRA101684,BORQUEZ,1575,06/15/2024,FLAME
24TRA101691,BORQUEZ,1350,06/15/2024,FLAME
24TRA101691,BORQUEZ,810,06/15/2024,FLAME
24TRA101702,BORQUEZ,1125,06/17/2024,FLAME
24TRA101702,BORQUEZ,975,06/17/2024,SUGAR DROP - ORG
24TRA101711,BORQUEZ,900,06/18/2024,FLAME
24TRA101711,BORQUEZ,1200,06/18/2024,PASSION FIRE-ORG
24TRA101746,BORQUEZ,900,06/21/2024,PASSION FIRE-ORG
24TRA101765,BORQUEZ,270,06/22/2024,PASSION FIRE-ORG
24TRA101768,BORQUEZ,810,06/23/2024,PASSION FIRE
24TRA101773,BORQUEZ,270,06/23/2024,FLAME
24TRA101773,BORQUEZ,1050,06/23/2024,FLAME
24TRA101773,BORQUEZ,150,06/23/2024,SUGAR DROP
24TRA101785,BORQUEZ,2520,06/25/2024,FLAME
24TRA101786,BORQUEZ,900,06/25/2024,FLAME
24TRA101790,BORQUEZ,2520,06/25/2024,FLAME
24TRA101794,BORQUEZ,720,06/26/2024,PASSION FIRE
24TRA101796,BORQUEZ,2520,06/26/2024,PASSION FIRE
24TRA101797,BORQUEZ,2520,06/26/2024,PASSION FIRE
24TRA101801,BORQUEZ,2520,06/27/2024,FLAME
24TRA101802,BORQUEZ,2520,06/27/2024,FLAME
24TRA101804,BORQUEZ,1080,06/27/2024,FLAME
24TRA101805,BORQUEZ,750,06/28/2024,PASSION FIRE
24TRA101805,BORQUEZ,225,06/28/2024,PASSION FIRE
24TRA101805,BORQUEZ,270,06/29/2024,PASSION FIRE
24TRA101806,BORQUEZ,2100,06/28/2024,PASSION FIRE
24TRA101808,BORQUEZ,900,06/27/2024,PASSION FIRE
24TRA101808,BORQUEZ,1350,06/27/2024,PASSION FIRE-ORG
24TRA101814,BORQUEZ,1650,06/28/2024,PASSION FIRE
24TRA101816,BORQUEZ,1890,06/28/2024,FLAME
24TRA101818,BORQUEZ,2520,06/28/2024,PASSION FIRE
24TRA101821,BORQUEZ,2520,07/01/2024,FLAME
24TRA101823,BORQUEZ,1440,07/01/2024,FLAME
24TRA101829,BORQUEZ,1170,07/03/2024,FLAME
24TRA104662,BORQUEZ,270,05/16/2024,EARLY SWEET
24TRA104662,BORQUEZ,320,05/16/2024,EARLY SWEET
24TRA104668,BORQUEZ,1200,05/17/2024,EARLY SWEET
24TRA104670,BORQUEZ,2160,05/18/2024,EARLY SWEET
24TRA104670,BORQUEZ,80,05/18/2024,EARLY SWEET
24TRA104671,BORQUEZ,640,05/20/2024,EARLY SWEET
24TRA104671,BORQUEZ,80,05/20/2024,EARLY SWEET
24TRA104675,BORQUEZ,2240,05/20/2024,EARLY SWEET
24TRA104676,BORQUEZ,2240,05/20/2024,EARLY SWEET
24TRA104677,BORQUEZ,2520,05/20/2024,EARLY SWEET
24TRA104678,BORQUEZ,2520,05/20/2024,EARLY SWEET
24TRA104679,BORQUEZ,1710,05/20/2024,EARLY SWEET
24TRA104686,BORQUEZ,2520,05/21/2024,EARLY SWEET
24TRA104687,BORQUEZ,1080,05/21/2024,EARLY SWEET
24TRA104691,BORQUEZ,2520,05/22/2024,EARLY SWEET
24TRA104695,BORQUEZ,2240,05/22/2024,EARLY SWEET
24TRA104696,BORQUEZ,80,05/22/2024,EARLY SWEET
24TRA104696,BORQUEZ,1280,05/22/2024,EARLY SWEET
24TRA104698,BORQUEZ,2520,05/22/2024,EARLY SWEET
24TRA104699,BORQUEZ,2240,05/23/2024,EARLY SWEET
24TRA104700,BORQUEZ,2520,05/23/2024,EARLY SWEET
24TRA104701,BORQUEZ,270,05/24/2024,EARLY SWEET
24TRA104701,BORQUEZ,2000,05/24/2024,EARLY SWEET
24TRA104702,BORQUEZ,900,05/23/2024,EARLY SWEET
24TRA104704,BORQUEZ,2520,05/24/2024,EARLY SWEET
24TRA104706,BORQUEZ,560,05/24/2024,EARLY SWEET
24TRA104707,BORQUEZ,2100,05/24/2024,EARLY SWEET
24TRA104708,BORQUEZ,375,05/24/2024,EARLY SWEET
24TRA104708,BORQUEZ,1725,05/24/2024,EARLY SWEET
24TRA104709,BORQUEZ,2240,05/24/2024,EARLY SWEET
24TRA104710,BORQUEZ,2520,05/25/2024,EARLY SWEET
24TRA104711,BORQUEZ,1980,05/25/2024,EARLY SWEET
24TRA104712,BORQUEZ,1980,05/25/2024,EARLY SWEET
24TRA104713,BORQUEZ,480,05/26/2024,EARLY SWEET
24TRA104713,BORQUEZ,1200,05/26/2024,EARLY SWEET
24TRA104714,BORQUEZ,160,05/26/2024,EARLY SWEET
24TRA104714,BORQUEZ,1520,05/26/2024,EARLY SWEET
24TRA104716,BORQUEZ,2340,05/26/2024,EARLY SWEET
24TRA104718,BORQUEZ,1440,05/26/2024,EARLY SWEET
24TRA104723,BORQUEZ,2240,05/28/2024,EARLY SWEET
24TRA104724,BORQUEZ,320,05/27/2024,EARLY SWEET
24TRA104724,BORQUEZ,720,05/27/2024,EARLY SWEET
24TRA104726,BORQUEZ,1760,05/29/2024,EARLY SWEET
24TRA104727,BORQUEZ,1760,05/29/2024,EARLY SWEET
24TRA104728,BORQUEZ,1760,05/29/2024,EARLY SWEET
24TRA104729,BORQUEZ,220,05/29/2024,EARLY SWEET
24TRA104729,BORQUEZ,1600,05/29/2024,EARLY SWEET
24TRA104730,BORQUEZ,1430,05/29/2024,EARLY SWEET
24TRA104737,BORQUEZ,770,05/29/2024,EARLY SWEET
24TRA104737,BORQUEZ,1360,05/29/2024,EARLY SWEET
24TRA104738,BORQUEZ,1650,05/30/2024,EARLY SWEET
24TRA104739,BORQUEZ,1760,05/30/2024,EARLY SWEET
24TRA104740,BORQUEZ,2340,05/31/2024,EARLY SWEET
24TRA104740,BORQUEZ,180,05/31/2024,EARLY SWEET
24TRA104741,BORQUEZ,2520,05/31/2024,EARLY SWEET
24TRA104744,BORQUEZ,1650,05/31/2024,EARLY SWEET
24TRA104745,BORQUEZ,1980,05/31/2024,EARLY SWEET
24TRA104746,BORQUEZ,2100,05/31/2024,EARLY SWEET
24TRA104747,BORQUEZ,440,05/31/2024,EARLY SWEET
24TRA104747,BORQUEZ,720,05/31/2024,EARLY SWEET
24TRA104747,BORQUEZ,300,05/31/2024,EARLY SWEET
24TRA104752,BORQUEZ,90,05/31/2024,EARLY SWEET
24TRA104752,BORQUEZ,1890,05/31/2024,EARLY SWEET
24TRA104753,BORQUEZ,1620,05/31/2024,EARLY SWEET
24TRA104753,BORQUEZ,900,05/31/2024,EARLY SWEET
24TRA104756,BORQUEZ,375,06/01/2024,EARLY SWEET
24TRA104756,BORQUEZ,1275,06/01/2024,EARLY SWEET
24TRA104757,BORQUEZ,1680,06/01/2024,EARLY SWEET
24TRA104758,BORQUEZ,975,06/01/2024,EARLY SWEET
24TRA104758,BORQUEZ,720,06/01/2024,EARLY SWEET
24TRA104762,BORQUEZ,675,06/01/2024,EARLY SWEET
24TRA104764,BORQUEZ,240,06/02/2024,EARLY SWEET
24TRA104764,BORQUEZ,2000,06/02/2024,EARLY SWEET
24TRA104765,BORQUEZ,1260,06/02/2024,EARLY SWEET
24TRA104765,BORQUEZ,750,06/02/2024,EARLY SWEET
24TRA104765,BORQUEZ,300,06/02/2024,EARLY SWEET
24TRA104766,BORQUEZ,2100,06/02/2024,EARLY SWEET
24TRA104767,BORQUEZ,630,06/02/2024,EARLY SWEET
24TRA104767,BORQUEZ,2090,06/02/2024,EARLY SWEET
24TRA104768,BORQUEZ,2340,06/02/2024,EARLY SWEET
24TRA104771,BORQUEZ,1980,06/03/2024,EARLY SWEET
24TRA104772,BORQUEZ,1980,06/03/2024,EARLY SWEET
24TRA104773,BORQUEZ,1650,06/03/2024,EARLY SWEET
24TRA104774,BORQUEZ,2520,06/03/2024,EARLY SWEET
24TRA104775,BORQUEZ,2520,06/03/2024,EARLY SWEET
24TRA104776,BORQUEZ,1800,06/03/2024,EARLY SWEET
24TRA104776,BORQUEZ,300,06/03/2024,EARLY SWEET
24TRA104777,BORQUEZ,360,06/03/2024,EARLY SWEET
24TRA104777,BORQUEZ,360,06/03/2024,EARLY SWEET
24TRA104777,BORQUEZ,750,06/03/2024,EARLY SWEET
24TRA104779,BORQUEZ,2520,06/04/2024,EARLY SWEET
24TRA104781,BORQUEZ,2520,06/04/2024,EARLY SWEET
24TRA104782,BORQUEZ,825,06/04/2024,EARLY SWEET
24TRA104782,BORQUEZ,600,06/04/2024,EARLY SWEET
24TRA104784,BORQUEZ,360,06/05/2024,EARLY SWEET
24TRA104784,BORQUEZ,450,06/05/2024,EARLY SWEET
24TRA104784,BORQUEZ,1425,06/05/2024,EARLY SWEET
24TRA104785,BORQUEZ,2520,06/04/2024,EARLY SWEET
24TRA104787,BORQUEZ,2520,06/05/2024,EARLY SWEET
24TRA104788,BORQUEZ,2520,06/05/2024,EARLY SWEET
24TRA104790,BORQUEZ,2430,06/06/2024,EARLY SWEET
24TRA104790,BORQUEZ,90,06/06/2024,EARLY SWEET
24TRA104800,BORQUEZ,1980,06/06/2024,EARLY SWEET
24TRA104801,BORQUEZ,1980,06/06/2024,EARLY SWEET
24TRA104804,BORQUEZ,2520,06/06/2024,EARLY SWEET
24TRA104805,BORQUEZ,1530,06/07/2024,EARLY SWEET
24TRA104807,BORQUEZ,2100,06/07/2024,EARLY SWEET
24TRA104808,BORQUEZ,1890,06/06/2024,EARLY SWEET
24TRA104808,BORQUEZ,525,06/06/2024,EARLY SWEET
24TRA104809,BORQUEZ,1980,06/07/2024,EARLY SWEET
24TRA104810,BORQUEZ,150,06/07/2024,EARLY SWEET
24TRA104815,BORQUEZ,1980,06/07/2024,EARLY SWEET
24TRA104816,BORQUEZ,1980,06/07/2024,EARLY SWEET
24TRA104820,BORQUEZ,2250,06/07/2024,EARLY SWEET
24TRA104820,BORQUEZ,270,06/07/2024,EARLY SWEET
24TRA104823,BORQUEZ,1440,06/08/2024,EARLY SWEET
24TRA104825,BORQUEZ,1980,06/08/2024,EARLY SWEET
24TRA104826,BORQUEZ,360,06/08/2024,EARLY SWEET
24TRA104826,BORQUEZ,1620,06/08/2024,EARLY SWEET
24TRA104827,BORQUEZ,1980,06/08/2024,EARLY SWEET
24TRA104831,BORQUEZ,2100,06/09/2024,EARLY SWEET
24TRA104832,BORQUEZ,1500,06/09/2024,EARLY SWEET
24TRA104833,BORQUEZ,180,06/10/2024,EARLY SWEET
24TRA104833,BORQUEZ,630,06/10/2024,EARLY SWEET
24TRA104833,BORQUEZ,1425,06/10/2024,EARLY SWEET
24TRA104836,BORQUEZ,450,06/10/2024,EARLY SWEET
24TRA104838,BORQUEZ,2520,06/10/2024,EARLY SWEET
24TRA104839,BORQUEZ,1170,06/10/2024,EARLY SWEET
24TRA104839,BORQUEZ,1350,06/10/2024,EARLY SWEET
24TRA104842,BORQUEZ,2340,06/11/2024,EARLY SWEET
24TRA104844,BORQUEZ,1980,06/11/2024,EARLY SWEET
24TRA104845,BORQUEZ,540,06/12/2024,EARLY SWEET
24TRA104845,BORQUEZ,1650,06/12/2024,EARLY SWEET
24TRA104846,BORQUEZ,270,06/12/2024,EARLY SWEET
24TRA104846,BORQUEZ,1080,06/12/2024,EARLY SWEET
24TRA104846,BORQUEZ,1170,06/12/2024,EARLY SWEET
24TRA104848,BORQUEZ,2520,06/12/2024,EARLY SWEET
24TRA104849,BORQUEZ,990,06/12/2024,EARLY SWEET
24TRA104849,BORQUEZ,825,06/12/2024,EARLY SWEET
24TRA104850,BORQUEZ,1079,06/12/2024,EARLY SWEET
24TRA104850,BORQUEZ,750,06/12/2024,EARLY SWEET
24TRA104857,BORQUEZ,2520,06/13/2024,EARLY SWEET
24TRA104859,BORQUEZ,2100,06/13/2024,EARLY SWEET
24TRA104866,BORQUEZ,1980,06/14/2024,EARLY SWEET
24TRA104867,BORQUEZ,1980,06/14/2024,EARLY SWEET
24TRA104868,BORQUEZ,1425,06/14/2024,EARLY SWEET
24TRA104870,BORQUEZ,2520,06/14/2024,EARLY SWEET
24TRA104871,BORQUEZ,375,06/14/2024,EARLY SWEET
24TRA104871,BORQUEZ,1840,06/14/2024,EARLY SWEET
24TRA104872,BORQUEZ,2520,06/15/2024,EARLY SWEET
24TRA104873,BORQUEZ,2520,06/15/2024,EARLY SWEET
24TRA104874,BORQUEZ,1980,06/15/2024,EARLY SWEET
24TRA104876,BORQUEZ,1800,06/17/2024,EARLY SWEET
24TRA104878,BORQUEZ,2520,06/17/2024,EARLY SWEET
24TRA104879,BORQUEZ,1980,06/17/2024,EARLY SWEET
24TRA104880,BORQUEZ,1980,06/17/2024,EARLY SWEET
24TRA104882,BORQUEZ,2520,06/18/2024,EARLY SWEET
24TRA104884,BORQUEZ,2520,06/19/2024,EARLY SWEET
24TRA104888,BORQUEZ,450,06/19/2024,EARLY SWEET
0001-0010239,ECO,1800,11/12/2023,SWEET GLOBE
0001-0010317,ECO,1800,11/27/2023,SWEET GLOBE
0001-0010320,ECO,1800,11/21/2023,SWEET GLOBE
0001-0010321,ECO,1800,11/21/2023,SWEET GLOBE
0001-0010325,ECO,1800,11/21/2023,SWEET GLOBE
0001-0010352,ECO,1800,11/21/2023,CRIMSON
0001-0010355,ECO,1800,11/21/2023,CRIMSON
0001-0010361,ECO,1800,11/17/2023,CRIMSON
0001-0010384,ECO,1800,11/21/2023,SWEET GLOBE
0001-0010387,ECO,1800,11/21/2023,SWEETCELEBRATION
0001-0010444,ECO,1800,11/22/2023,CRIMSON
0001-0010447,ECO,1800,11/22/2023,CRIMSON
0001-0010489,ECO,1800,11/22/2023,CRIMSON
0001-0010562,ECO,1800,11/29/2023,SWEET GLOBE
0001-0010564,ECO,1800,11/29/2023,SWEET GLOBE
0001-0010565,ECO,1800,11/29/2023,SWEET GLOBE
0001-0010583,ECO,1800,11/24/2023,CRIMSON
0001-0010651,ECO,1800,11/29/2023,SWEET GLOBE
0001-0010653,ECO,1800,11/29/2023,SWEET GLOBE
0001-0010695,ECO,1800,11/29/2023,SWEET FAVORS
0001-0010698,ECO,1600,11/29/2023,SWEET GLOBE
0001-0010704,ECO,1800,11/29/2023,CRIMSON
0001-0010713,ECO,1800,12/04/2023,SWEET FAVORS
0001-0010727,ECO,1800,11/29/2023,CRIMSON
0001-0010734,ECO,1800,12/08/2023,SWEETCELEBRATION
0001-0010758,ECO,1800,11/29/2023,SWEET FAVORS
0001-0010768,ECO,1800,12/08/2023,SWEET FAVORS
0001-0010793,ECO,1530,12/09/2023,SWEET GLOBE
0001-0010793,ECO,270,12/09/2023,SWEETCELEBRATION
0001-0010802,ECO,1800,12/15/2023,CRIMSON
0001-0010850,ECO,1800,11/29/2023,SWEET GLOBE
0001-0010851,ECO,1800,11/29/2023,SWEET GLOBE
0001-0010947,ECO,1700,11/29/2023,SWEET GLOBE
0001-0010970,ECO,1700,11/29/2023,SWEETCELEBRATION
0001-0010973,ECO,1800,12/08/2023,SWEET FAVORS
0001-0010978,ECO,1800,12/04/2023,SWEETCELEBRATION
0001-0010989,ECO,1700,12/10/2023,SWEET GLOBE
0001-0010998,ECO,1700,12/10/2023,SWEET GLOBE
0001-0011035,ECO,1800,12/15/2023,SWEETCELEBRATION
0001-0011045,ECO,1800,12/08/2023,CRIMSON
0001-0011049,ECO,1800,12/15/2023,CRIMSON
0001-0011056,ECO,1800,12/15/2023,SWEET FAVORS
0001-0011069,ECO,1800,12/15/2023,SWEET FAVORS
0001-0011104,ECO,720,12/15/2023,CRIMSON
0001-0011104,ECO,1080,12/15/2023,SWEETCELEBRATION
0001-0011110,ECO,1800,12/15/2023,SWEET GLOBE
0001-0011130,ECO,1800,12/08/2023,SWEET GLOBE
0001-0011155,ECO,1800,12/08/2023,SWEET GLOBE
0001-0011175,ECO,1800,12/08/2023,SWEET FAVORS
0001-0011222,ECO,1600,12/10/2023,SWEETCELEBRATION
0001-0011277,ECO,1600,12/10/2023,SWEETCELEBRATION
0001-0011312,ECO,1800,12/12/2023,SWEET GLOBE
0001-0011330,ECO,1800,12/12/2023,SWEET GLOBE
0001-0011345,ECO,1800,12/15/2023,SWEET FAVORS
0001-0011354,ECO,1800,12/15/2023,CRIMSON
0001-0011411,ECO,1600,12/15/2023,SWEET GLOBE
0001-0011419,ECO,1800,12/15/2023,CRIMSON
0001-0011441,ECO,1600,12/15/2023,SWEET GLOBE
0001-0011468,ECO,1800,12/17/2023,SWEET FAVORS
0001-0011483,ECO,1800,12/15/2023,SWEET GLOBE
0001-0011515,ECO,1800,12/17/2023,CRIMSON
0001-0011544,ECO,1600,12/15/2023,SWEET GLOBE
0001-0011545,ECO,1600,12/15/2023,SWEET GLOBE
0001-0011551,ECO,1600,12/15/2023,SWEETCELEBRATION
0001-0011557,ECO,1600,12/17/2023,SWEET GLOBE
0001-0011606,ECO,1600,12/15/2023,SWEET GLOBE
23E402041013,ELC,960,02/07/2024,IVORY
23E402041013,ELC,864,02/07/2024,IVORY
23E402041013,ELC,288,02/07/2024,PASSION FIRE
BMOU9248284,ELC,648,02/21/2024,ALLISON
BMOU9248284,ELC,80,02/21/2024,GREAT GREEN
BMOU9248284,ELC,240,02/21/2024,GREAT GREEN
BMOU9248284,ELC,108,02/21/2024,IVORY
BMOU9248284,ELC,160,02/21/2024,IVORY
BMOU9248284,ELC,320,02/21/2024,TIMCO
BMOU9248284,ELC,240,02/21/2024,TIMCO
BMOU9248290,ELC,1944,02/29/2024,ALLISON
BMOU9248290,ELC,216,02/29/2024,IVORY
BMOU9293452,ELC,1188,03/02/2024,ALLISON
BMOU9293452,ELC,216,03/02/2024,ALLISON
BMOU9293452,ELC,324,03/02/2024,IVORY
BMOU9293452,ELC,240,03/02/2024,TIMCO
BMOU9293452,ELC,80,03/02/2024,TIMCO
BMOU9293600,ELC,640,03/02/2024,ALLISON
BMOU9293600,ELC,400,03/02/2024,ALLISON
BMOU9293600,ELC,80,03/02/2024,GREAT GREEN
BMOU9293600,ELC,80,03/02/2024,IVORY
BMOU9293600,ELC,240,03/02/2024,TIMCO
BMOU9293600,ELC,160,03/02/2024,TIMCO
BMOU9330941,ELC,720,03/05/2024,ALLISON
BMOU9330941,ELC,880,03/05/2024,ALLISON
BMOU9331378,ELC,540,03/12/2024,ALLISON
BMOU9331378,ELC,648,03/12/2024,ALLISON
BMOU9331378,ELC,560,03/12/2024,ALLISON
BMOU9331378,ELC,160,03/12/2024,ALLISON
BMOU9337695,ELC,324,03/04/2024,ALLISON
BMOU9337695,ELC,1080,03/04/2024,ALLISON
BMOU9337695,ELC,432,03/04/2024,GREAT GREEN
BMOU9337695,ELC,324,03/04/2024,GREAT GREEN
BMOU9338599,ELC,1620,03/04/2024,GREAT GREEN
BMOU9338599,ELC,540,03/04/2024,GREAT GREEN
BMOU9338855,ELC,80,02/29/2024,TIMCO
BMOU9338855,ELC,640,02/29/2024,TIMCO
BMOU9338855,ELC,880,02/29/2024,TIMCO
BMOU9345509,ELC,1296,02/07/2024,IVORY
BMOU9345509,ELC,864,02/07/2024,PASSION FIRE
BMOU9352278,ELC,1600,02/07/2024,IVORY
CXRU1582880,ELC,2160,02/08/2024,IVORY
MSDU9850290,ELC,432,03/16/2024,ALLISON
MSDU9850290,ELC,560,03/16/2024,ALLISON
MSDU9850290,ELC,320,03/16/2024,ALLISON
MSDU9850290,ELC,400,03/16/2024,ALLISON
OTPU6082080,ELC,972,02/13/2024,IVORY
OTPU6082080,ELC,880,02/13/2024,IVORY
OTPU6085602,ELC,1600,02/13/2024,IVORY
OTPU6320770,ELC,1404,02/29/2024,ALLISON
OTPU6320770,ELC,756,02/29/2024,IVORY
OTPU6321591,ELC,1944,02/13/2024,IVORY
OTPU6321591,ELC,216,02/13/2024,PASSION FIRE
OTPU6323260,ELC,1404,02/29/2024,ALLISON
OTPU6323260,ELC,756,02/29/2024,IVORY
OTPU6374122,ELC,560,02/21/2024,GREAT GREEN
OTPU6374122,ELC,1040,02/21/2024,GREAT GREEN
OTPU6374375,ELC,640,02/21/2024,GREAT GREEN
OTPU6374375,ELC,960,02/21/2024,GREAT GREEN
OTPU6374842,ELC,1600,02/22/2024,IVORY
OTPU6374930,ELC,880,02/23/2024,GREAT GREEN
OTPU6374930,ELC,720,02/23/2024,GREAT GREEN
OTPU6375005,ELC,320,02/29/2024,GREAT GREEN
OTPU6375005,ELC,880,02/29/2024,GREAT GREEN
OTPU6375005,ELC,400,02/29/2024,IVORY
OTPU6375330,ELC,2160,02/13/2024,IVORY
SEGU9181341,ELC,160,03/27/2024,ALLISON
SEGU9181341,ELC,216,03/27/2024,ALLISON
SEGU9181341,ELC,480,03/27/2024,ALLISON
SEGU9181341,ELC,800,03/27/2024,ALLISON
SEGU9625852,ELC,640,02/23/2024,TIMCO
SEGU9625852,ELC,960,02/23/2024,TIMCO
SEGU9696347,ELC,2160,02/07/2024,IVORY
SEGU9721120,ELC,2160,02/07/2024,IVORY
SEGU9740922,ELC,80,02/22/2024,GREAT GREEN
SEGU9740922,ELC,560,02/22/2024,GREAT GREEN
SEGU9740922,ELC,480,02/22/2024,TIMCO
SEGU9740922,ELC,480,02/22/2024,TIMCO
SEGU9776503,ELC,400,03/06/2024,ALLISON
SEGU9776503,ELC,880,03/06/2024,ALLISON
SEGU9776503,ELC,320,03/06/2024,ALLISON
SEKU9181500,ELC,2160,02/07/2024,IVORY
SEKU9295544,ELC,800,02/22/2024,TIMCO
SEKU9295544,ELC,800,02/22/2024,TIMCO
TTNU8498921,ELC,324,03/25/2024,ALLISON
TTNU8498921,ELC,108,03/25/2024,ALLISON
TTNU8498921,ELC,1728,03/25/2024,ALLISON
MEDU9701534,MDT,1600,04/20/2024,SWEETCELEBRATION
MEDU9760537,MDT,1600,04/20/2024,SWEETCELEBRATION
MSDU9036869,MDT,1600,05/05/2024,SWEET GLOBE
SEGU9281314,MDT,1700,05/29/2024,CRIMSON
SZLU9085547,MDT,1600,05/10/2024,SWEET GLOBE
TEMU9022372,MDT,1600,04/28/2024,SWEETCELEBRATION
TEMU9178827,MDT,1445,05/29/2024,CRIMSON
TEMU9178827,MDT,255,05/29/2024,CRIMSON
TRIU8018082,MDT,1600,05/05/2024,SWEETCELEBRATION
23Q166414132,Quintay,1920,04/21/2024,CRIMSON
23Q166414132,Quintay,1200,04/21/2024,CRIMSON
23Q166414132,Quintay,1500,04/21/2024,CRIMSON
23Q166414132,Quintay,7678,04/21/2024,RED GLOBE
23Q771413169,Quintay,1440,04/09/2024,RED GLOBE
23Q771413169,Quintay,2805,04/09/2024,Unknown Variety
23Q771413169,Quintay,5014,04/09/2024,Unknown Variety
23Q771413169,Quintay,2465,04/09/2024,Unknown Variety
23Q838411136,Quintay,7140,03/31/2024,Unknown Variety
23Q838411136,Quintay,3825,03/31/2024,Unknown Variety
23Q838411136,Quintay,1275,03/31/2024,Unknown Variety
23QPU6321591,Quintay,855,03/27/2024,Unknown Variety
23QPU6321591,Quintay,1045,03/27/2024,Unknown Variety
BMOU9296786,Quintay,1296,03/23/2024,Unknown Variety
BMOU9296786,Quintay,864,03/23/2024,Unknown Variety
BMOU9306539,Quintay,972,03/23/2024,Unknown Variety
BMOU9306539,Quintay,1188,03/23/2024,Unknown Variety
BMOU9307920,Quintay,1235,03/28/2024,Unknown Variety
BMOU9307920,Quintay,665,03/28/2024,Unknown Variety
BMOU9308450,Quintay,760,03/28/2024,Unknown Variety
BMOU9308450,Quintay,760,03/28/2024,Unknown Variety
BMOU9308450,Quintay,380,03/28/2024,Unknown Variety
BMOU9337083,Quintay,1045,03/28/2024,Unknown Variety
BMOU9337083,Quintay,855,03/28/2024,Unknown Variety
BMOU9338813,Quintay,95,03/28/2024,Unknown Variety
BMOU9338813,Quintay,380,03/28/2024,Unknown Variety
BMOU9338813,Quintay,380,03/28/2024,Unknown Variety
BMOU9338813,Quintay,880,03/28/2024,Unknown Variety
BMOU9349187,Quintay,1080,03/23/2024,Unknown Variety
BMOU9349187,Quintay,1080,03/23/2024,Unknown Variety
BMOU9350300,Quintay,1425,03/29/2024,Unknown Variety
BMOU9350300,Quintay,475,03/29/2024,Unknown Variety
BMOU9350980,Quintay,432,03/23/2024,Unknown Variety
BMOU9350980,Quintay,1080,03/23/2024,Unknown Variety
BMOU9350980,Quintay,648,03/23/2024,Unknown Variety
BMOU9352030,Quintay,1477,03/23/2024,Unknown Variety
BMOU9352030,Quintay,216,03/23/2024,Unknown Variety
BMOU9352030,Quintay,311,03/23/2024,Unknown Variety
BMOU9655166,Quintay,570,03/28/2024,Unknown Variety
BMOU9655166,Quintay,380,03/28/2024,Unknown Variety
BMOU9655166,Quintay,950,03/28/2024,Unknown Variety
BMOU9656711,Quintay,380,03/28/2024,Unknown Variety
BMOU9656711,Quintay,950,03/28/2024,Unknown Variety
BMOU9656711,Quintay,570,03/28/2024,Unknown Variety
CXRU1412836,Quintay,665,03/09/2024,SWEETIES
CXRU1412836,Quintay,190,03/09/2024,SWEETIES
CXRU1412836,Quintay,1045,03/09/2024,SWEETIES
CXRU1580906,Quintay,756,03/23/2024,Unknown Variety
CXRU1580906,Quintay,432,03/23/2024,Unknown Variety
CXRU1580906,Quintay,972,03/23/2024,Unknown Variety
CXRU1581395,Quintay,95,03/23/2024,Unknown Variety
CXRU1581395,Quintay,1520,03/23/2024,Unknown Variety
CXRU1618241,Quintay,216,03/27/2024,Unknown Variety
CXRU1618241,Quintay,1944,03/27/2024,Unknown Variety
FBIU5126200,Quintay,1600,05/01/2024,Unknown Variety
MEDU9703964,Quintay,1600,04/27/2024,Unknown Variety
MEDU9712040,Quintay,1200,05/12/2024,CRIMSON
MEDU9712040,Quintay,400,05/12/2024,CRIMSON
MEDU9725069,Quintay,845,03/16/2024,SWEETIES
MEDU9725069,Quintay,900,03/16/2024,SWEETIES
MEDU9725069,Quintay,95,03/16/2024,SWEETIES
MSCU7382534,Quintay,320,05/12/2024,CRIMSON
MSCU7382534,Quintay,1280,05/12/2024,CRIMSON
MSDU9019218,Quintay,160,05/12/2024,CRIMSON
MSDU9019218,Quintay,1440,05/12/2024,CRIMSON
OTPU6082455,Quintay,216,03/23/2024,Unknown Variety
OTPU6082455,Quintay,1944,03/23/2024,Unknown Variety
OTPU6375387,Quintay,855,03/23/2024,Unknown Variety
OTPU6375387,Quintay,1045,03/23/2024,Unknown Variety
SEGU9077960,Quintay,950,04/08/2024,Unknown Variety
SEGU9077960,Quintay,85,04/08/2024,Unknown Variety
SEGU9077960,Quintay,855,04/08/2024,Unknown Variety
SEGU9088352,Quintay,756,03/30/2024,Unknown Variety
SEGU9088352,Quintay,1404,03/30/2024,Unknown Variety
SEGU9147455,Quintay,760,04/08/2024,Unknown Variety
SEGU9147455,Quintay,1140,04/08/2024,Unknown Variety
SEGU9300230,Quintay,864,03/30/2024,Unknown Variety
SEGU9300230,Quintay,756,03/30/2024,Unknown Variety
SEGU9300230,Quintay,540,03/30/2024,Unknown Variety
SEGU9302274,Quintay,1425,03/31/2024,Unknown Variety
SEGU9302274,Quintay,475,03/31/2024,Unknown Variety
SEGU9474268,Quintay,108,05/19/2024,CRIMSON
SEGU9474268,Quintay,108,05/19/2024,CRIMSON
SEGU9474268,Quintay,756,05/19/2024,CRIMSON
SEGU9474268,Quintay,1188,05/19/2024,RED GLOBE
SEGU9619612,Quintay,855,03/28/2024,Unknown Variety
SEGU9619612,Quintay,1045,03/28/2024,Unknown Variety
SEGU9625030,Quintay,475,03/23/2024,Unknown Variety
SEGU9625030,Quintay,1425,03/23/2024,Unknown Variety
SEGU9641391,Quintay,1600,03/23/2024,Unknown Variety
SEGU9676799,Quintay,190,03/29/2024,Unknown Variety
SEGU9676799,Quintay,950,03/29/2024,Unknown Variety
SEGU9676799,Quintay,760,03/29/2024,Unknown Variety
SEGU9694663,Quintay,760,03/28/2024,Unknown Variety
SEGU9694663,Quintay,1140,03/28/2024,Unknown Variety
SEGU9695464,Quintay,1600,04/09/2024,Unknown Variety
SEGU9696265,Quintay,1600,04/09/2024,Unknown Variety
SEGU9696692,Quintay,1600,04/09/2024,Unknown Variety
SEGU9698463,Quintay,1600,03/23/2024,Unknown Variety
SEGU9721687,Quintay,1600,04/09/2024,Unknown Variety
SEGU9741852,Quintay,570,03/28/2024,Unknown Variety
SEGU9741852,Quintay,380,03/28/2024,Unknown Variety
SEGU9741852,Quintay,950,03/28/2024,Unknown Variety
SEGU9861499,Quintay,89,03/23/2024,CRIMSON
SEGU9861499,Quintay,432,03/23/2024,CRIMSON
SEGU9861499,Quintay,95,03/23/2024,Unknown Variety
SEGU9861499,Quintay,1120,03/23/2024,Unknown Variety
SEGU9861842,Quintay,1600,04/09/2024,Unknown Variety
SEGU9865540,Quintay,1600,04/09/2024,Unknown Variety
SEGU9869191,Quintay,1600,04/09/2024,Unknown Variety
SEKU9296495,Quintay,760,03/28/2024,Unknown Variety
SEKU9296495,Quintay,760,03/28/2024,Unknown Variety
SEKU9296495,Quintay,380,03/28/2024,Unknown Variety
SZLU9568099,Quintay,972,05/10/2024,CRIMSON
SZLU9568099,Quintay,150,05/10/2024,CRIMSON
SZLU9568099,Quintay,972,05/10/2024,RED GLOBE
TEMU9052361,Quintay,216,05/12/2024,CRIMSON
TEMU9052361,Quintay,1080,05/12/2024,CRIMSON
TEMU9052361,Quintay,864,05/12/2024,CRIMSON
TRIU8374843,Quintay,1404,05/12/2024,CRIMSON
TRIU8374843,Quintay,324,05/12/2024,CRIMSON
TRIU8374843,Quintay,160,05/12/2024,CRIMSON
TRIU8374843,Quintay,160,05/12/2024,CRIMSON
TRLU1888336,Quintay,2160,05/19/2024,RED GLOBE
TTNU8410329,Quintay,2160,05/10/2024,RED GLOBE
TTNU8972753,Quintay,1140,03/31/2024,Unknown Variety
TTNU8972753,Quintay,760,03/31/2024,Unknown Variety
23R028411176,Rio King,3400,03/30/2024,CANDY HEARTS
23R028411176,Rio King,800,03/30/2024,COTTON CANDY
23R028411176,Rio King,800,03/30/2024,COTTON CANDY
23R028411176,Rio King,85,03/30/2024,RED SDLS
23R028411176,Rio King,1020,03/30/2024,SWEETCELEBRATION
23R028411176,Rio King,765,03/30/2024,SWEETCELEBRATION
23R028411176,Rio King,255,03/30/2024,SWEETCELEBRATION
23R028411176,Rio King,425,03/30/2024,TIMCO
23R028411176,Rio King,340,03/30/2024,TIMCO
23R028411176,Rio King,425,03/30/2024,TIMPSON
23R029407069,Rio King,85,03/06/2024,CANDY HEARTS
23R029407069,Rio King,765,03/06/2024,CANDY HEARTS
23R029407069,Rio King,850,03/06/2024,CANDY HEARTS
23R029407069,Rio King,680,03/06/2024,COTTON CANDY
23R029407069,Rio King,340,03/06/2024,COTTON CANDY
23R029407069,Rio King,680,03/06/2024,COTTON CANDY
23R033412282,Rio King,3655,04/10/2024,KRISSY
23R033412282,Rio King,1105,04/10/2024,KRISSY
23R033412282,Rio King,170,04/10/2024,KRISSY
23R033412282,Rio King,3230,04/10/2024,SWEET FAVORS
23R033412282,Rio King,170,04/10/2024,SWEET FAVORS
23R033412282,Rio King,895,04/10/2024,SWEET GLOBE
23R033412282,Rio King,80,04/10/2024,SWEET GLOBE
23R033412282,Rio King,935,04/10/2024,SWEETCELEBRATION
23R033412282,Rio King,935,04/10/2024,TIMCO
23R033412282,Rio King,85,04/10/2024,TIMCO
23R033412282,Rio King,1190,04/10/2024,TIMPSON
23R033412282,Rio King,1020,04/10/2024,TIMPSON
23R682409134,Rio King,3060,03/17/2024,IVORY
23R682409134,Rio King,85,03/17/2024,IVORY
23R682409134,Rio King,1700,03/17/2024,KRISSY
23R682409134,Rio King,170,03/17/2024,TIMPSON
23R682409134,Rio King,85,03/17/2024,TIMPSON
23R738405107,Rio King,80,03/04/2024,CANDY HEARTS
23R738405107,Rio King,720,03/04/2024,CANDY HEARTS
23R738405107,Rio King,800,03/04/2024,COTTON CANDY
23R745408217,Rio King,1700,03/12/2024,SWEET GLOBE
23R745408218,Rio King,1598,03/12/2024,COTTON CANDY
23RK07410148,Rio King,1600,03/23/2024,COTTON CANDY
23RK07410148,Rio King,1700,03/23/2024,SWEETCELEBRATION
23RK07410148,Rio King,765,03/23/2024,TIMPSON
23RK07410148,Rio King,850,03/23/2024,TIMPSON
23RK07410148,Rio King,85,03/23/2024,TIMPSON
23RK38411147,Rio King,479,04/01/2024,COTTON CANDY
23RK38411147,Rio King,1120,04/01/2024,COTTON CANDY
23RK38411147,Rio King,425,04/01/2024,SWEET GLOBE
23RK38411147,Rio King,1105,04/01/2024,SWEET GLOBE
23RK38411147,Rio King,85,04/01/2024,TIMPSON
23RK38411147,Rio King,85,04/01/2024,TIMPSON
23RK71413153,Rio King,255,04/09/2024,CANDY HEARTS
23RK71413153,Rio King,3060,04/09/2024,CANDY HEARTS
23RK71413153,Rio King,85,04/09/2024,CANDY HEARTS
23RK71413153,Rio King,320,04/09/2024,COTTON CANDY
23RK71413153,Rio King,2160,04/09/2024,COTTON CANDY
23RK71413153,Rio King,85,04/09/2024,COTTON CANDY
23RK71413153,Rio King,80,04/09/2024,COTTON CANDY
23RK71413153,Rio King,1275,04/09/2024,SWEET FAVORS
23RK71413153,Rio King,1955,04/09/2024,SWEET FAVORS
23RK71413153,Rio King,1360,04/09/2024,SWEETCELEBRATION
23RK71413153,Rio King,1615,04/09/2024,SWEETCELEBRATION
23RK71413154,Rio King,80,04/09/2024,COTTON CANDY
23RK83841112,Rio King,300,04/01/2024,SWEET FAVORS
23RK83841112,Rio King,340,04/01/2024,SWEET FAVORS
23RK83841112,Rio King,910,04/01/2024,SWEET FAVORS
23RKU9181500,Rio King,1900,03/22/2024,SWEET FAVORS
APRU6137018,Rio King,1235,03/21/2024,TIMPSON
APRU6137018,Rio King,570,03/21/2024,TIMPSON
APRU6137018,Rio King,95,03/21/2024,TIMPSON
BMOU9248181,Rio King,595,04/10/2024,SWEET GLOBE
BMOU9248181,Rio King,255,04/10/2024,SWEET GLOBE
BMOU9248181,Rio King,425,04/10/2024,SWEET GLOBE
BMOU9248181,Rio King,425,04/10/2024,SWEET GLOBE
BMOU9294736,Rio King,1140,03/22/2024,SWEETCELEBRATION
BMOU9294736,Rio King,760,03/22/2024,SWEETCELEBRATION
BMOU9336641,Rio King,1615,03/22/2024,SWEETCELEBRATION
BMOU9336641,Rio King,285,03/22/2024,SWEETCELEBRATION
BMOU9612360,Rio King,190,03/13/2024,SWEET GLOBE
BMOU9612360,Rio King,380,03/13/2024,SWEET GLOBE
BMOU9612360,Rio King,864,03/13/2024,SWEET GLOBE
BMOU9612360,Rio King,95,03/13/2024,TIMPSON
BMOU9612360,Rio King,475,03/13/2024,TIMPSON
BMOU9657214,Rio King,790,03/22/2024,TIMPSON
BMOU9657214,Rio King,830,03/22/2024,TIMPSON
CRSU6136449,Rio King,380,03/14/2024,TIMPSON
CRSU6136449,Rio King,1235,03/14/2024,TIMPSON
CRSU6136449,Rio King,285,03/14/2024,TIMPSON
CXRU1073820,Rio King,1330,03/22/2024,TIMPSON
CXRU1073820,Rio King,570,03/22/2024,TIMPSON
CXRU1431991,Rio King,1900,03/20/2024,ALLISON
CXRU1452314,Rio King,95,03/15/2024,ALLISON
CXRU1452314,Rio King,1805,03/15/2024,ALLISON
CXRU1581292,Rio King,1520,03/23/2024,SWEET FAVORS
CXRU1581292,Rio King,380,03/23/2024,SWEET FAVORS
FSCU5771313,Rio King,1900,03/24/2024,SWEET FAVORS
GESU9430840,Rio King,475,04/10/2024,SWEETCELEBRATION
GESU9430840,Rio King,1275,04/10/2024,SWEETCELEBRATION
GESU9543030,Rio King,380,03/08/2024,TIMPSON
GESU9543030,Rio King,1235,03/08/2024,TIMPSON
GESU9543030,Rio King,285,03/08/2024,TIMPSON
MEDU9713371,Rio King,765,03/13/2024,JACK SALUTE
MEDU9713371,Rio King,935,03/13/2024,JACK SALUTE
MEDU9729315,Rio King,2160,03/13/2024,SWEET GLOBE
MEDU9817904,Rio King,1900,03/24/2024,ALLISON
MSDU9018253,Rio King,1900,03/24/2024,SWEET FAVORS
MSDU9029772,Rio King,1700,03/18/2024,COTTON CANDY
MSDU9823247,Rio King,380,03/15/2024,ALLISON
MSDU9823247,Rio King,95,03/15/2024,SWEET FAVORS
MSDU9823247,Rio King,380,03/15/2024,SWEET FAVORS
MSDU9823247,Rio King,190,03/15/2024,SWEET FAVORS
MSDU9823247,Rio King,380,03/15/2024,SWEETCELEBRATION
MSDU9823247,Rio King,190,03/15/2024,SWEETCELEBRATION
MSDU9823247,Rio King,285,03/15/2024,SWEETCELEBRATION
OTPU6374396,Rio King,1615,03/30/2024,JACK SALUTE
OTPU6374396,Rio King,285,03/30/2024,JACK SALUTE
OTPU6375284,Rio King,285,03/17/2024,SWEETCELEBRATION
OTPU6375284,Rio King,1615,03/17/2024,SWEETCELEBRATION
OTPU6378004,Rio King,1900,02/23/2024,SWEETCELEBRATION
OTPU6514380,Rio King,90,03/24/2024,ALLISON
OTPU6514380,Rio King,540,03/24/2024,ALLISON
OTPU6514380,Rio King,1235,03/24/2024,JACK SALUTE
SEGU9088732,Rio King,255,03/22/2024,SWEETCELEBRATION
SEGU9088732,Rio King,1445,03/22/2024,SWEETCELEBRATION
SEGU9122272,Rio King,1900,03/20/2024,JACK SALUTE
SEGU9283430,Rio King,1235,03/18/2024,ALLISON
SEGU9283430,Rio King,665,03/18/2024,JACK SALUTE
SEGU9296438,Rio King,95,03/15/2024,ALLISON
SEGU9296438,Rio King,570,03/15/2024,ALLISON
SEGU9296438,Rio King,475,03/15/2024,SWEET FAVORS
SEGU9296438,Rio King,190,03/15/2024,SWEET FAVORS
SEGU9296438,Rio King,570,03/15/2024,SWEET FAVORS
SEGU9302119,Rio King,665,03/22/2024,TIMPSON
SEGU9302119,Rio King,1140,03/22/2024,TIMPSON
SEGU9302119,Rio King,95,03/22/2024,TIMPSON
SEGU9434244,Rio King,950,03/20/2024,SWEET FAVORS
SEGU9434244,Rio King,950,03/20/2024,SWEET FAVORS
SEGU9468922,Rio King,380,03/30/2024,JACK SALUTE
SEGU9468922,Rio King,1520,03/30/2024,JACK SALUTE
SEGU9476342,Rio King,425,03/30/2024,SWEET GLOBE
SEGU9476342,Rio King,190,03/30/2024,SWEETCELEBRATION
SEGU9476342,Rio King,85,03/30/2024,SWEETCELEBRATION
SEGU9476342,Rio King,255,03/30/2024,SWEETCELEBRATION
SEGU9476342,Rio King,665,03/30/2024,TIMPSON
SEGU9476342,Rio King,95,03/30/2024,TIMPSON
SEGU9476342,Rio King,95,03/30/2024,TIMPSON
SEGU9622637,Rio King,1020,03/30/2024,CANDY HEARTS
SEGU9622637,Rio King,85,03/30/2024,CANDY HEARTS
SEGU9622637,Rio King,595,03/30/2024,CANDY HEARTS
SEGU9623211,Rio King,1045,03/04/2024,SWEETCELEBRATION
SEGU9623211,Rio King,855,03/04/2024,SWEETCELEBRATION
SEGU9630550,Rio King,765,03/30/2024,CANDY HEARTS
SEGU9630550,Rio King,510,03/30/2024,CANDY HEARTS
SEGU9630550,Rio King,425,03/30/2024,CANDY HEARTS
SZLU9006506,Rio King,170,03/08/2024,SWEETCELEBRATION
SZLU9006506,Rio King,380,03/08/2024,SWEETCELEBRATION
SZLU9006506,Rio King,1320,03/08/2024,SWEETCELEBRATION
SZLU9266421,Rio King,1530,03/24/2024,CANDY HEARTS
SZLU9266421,Rio King,170,03/24/2024,CANDY HEARTS
SZLU9332267,Rio King,1425,03/18/2024,ALLISON
SZLU9332267,Rio King,190,03/18/2024,SWEET FAVORS
SZLU9332267,Rio King,285,03/18/2024,SWEET FAVORS
SZLU9517131,Rio King,1900,03/20/2024,SWEET FAVORS
TEMU9225343,Rio King,665,03/21/2024,TIMPSON
TEMU9225343,Rio King,1140,03/21/2024,TIMPSON
TEMU9225343,Rio King,95,03/21/2024,TIMPSON
TEMU9388382,Rio King,95,03/18/2024,ALLISON
TEMU9388382,Rio King,95,03/18/2024,JACK SALUTE
TEMU9388382,Rio King,285,03/18/2024,JACK SALUTE
TEMU9388382,Rio King,475,03/18/2024,SWEET FAVORS
TEMU9388382,Rio King,285,03/18/2024,SWEET FAVORS
TEMU9388382,Rio King,665,03/18/2024,SWEET FAVORS
TRIU8020897,Rio King,108,03/08/2024,TIMPSON
TRIU8020897,Rio King,1805,03/08/2024,TIMPSON
TRIU8756445,Rio King,2160,03/16/2024,SWEET GLOBE
TRIU8758725,Rio King,1425,03/08/2024,SWEETCELEBRATION
TRIU8758725,Rio King,380,03/08/2024,SWEETCELEBRATION
TRIU8758725,Rio King,95,03/08/2024,SWEETCELEBRATION
TTNU8499086,Rio King,590,03/18/2024,CANDY HEARTS
TTNU8499086,Rio King,1100,03/18/2024,CANDY HEARTS
BMOU9016062,SAFCO PERU,475,02/29/2024,SUGAR CRISP
BMOU9016062,SAFCO PERU,1425,02/29/2024,SUGAR CRISP
CRSU6127241,SAFCO PERU,760,02/29/2024,SUGAR CRISP
CRSU6127241,SAFCO PERU,95,02/29/2024,SUGAR CRISP
CRSU6127241,SAFCO PERU,95,02/29/2024,SWEET GLOBE
CRSU6127241,SAFCO PERU,665,02/29/2024,TIMCO
CRSU6127241,SAFCO PERU,285,02/29/2024,TIMCO
OTPU6406826,SAFCO PERU,570,02/29/2024,SWEET GLOBE
OTPU6406826,SAFCO PERU,380,02/29/2024,SWEET GLOBE
OTPU6406826,SAFCO PERU,380,02/29/2024,TIMCO
OTPU6406826,SAFCO PERU,570,02/29/2024,TIMCO
TRIU8085305,SAFCO PERU,1045,02/29/2024,SUGAR CRISP
TRIU8085305,SAFCO PERU,855,02/29/2024,SUGAR CRISP
24TRA101667,Unknown Exporter,750,06/14/2024,BI-COLOR
24TRA101667,Unknown Exporter,750,06/14/2024,FLAME
HLBU9006489,Unknown Exporter,1600,01/23/2024,CANDY DREAMS
MMAU1267681,Unknown Exporter,1600,01/23/2024,TIMCO
MNBU0561495,Unknown Exporter,1600,01/22/2024,SWEET GLOBE
24E04178,VIDEXPORT,2080,05/21/2024,EARLY SWEET
24E04179,VIDEXPORT,2080,05/21/2024,EARLY SWEET
24E04196,VIDEXPORT,90,05/22/2024,EARLY SWEET
24E04196,VIDEXPORT,2080,05/22/2024,EARLY SWEET
24E04204,VIDEXPORT,1980,05/22/2024,EARLY SWEET
24E04205,VIDEXPORT,1920,05/22/2024,EARLY SWEET
24E04206,VIDEXPORT,1920,05/22/2024,EARLY SWEET
24E04207,VIDEXPORT,1760,05/22/2024,EARLY SWEET
24E04209,VIDEXPORT,2340,05/22/2024,EARLY SWEET
24E04210,VIDEXPORT,2070,05/22/2024,EARLY SWEET
24E04225,VIDEXPORT,2080,05/23/2024,EARLY SWEET
24E04236,VIDEXPORT,1920,05/23/2024,EARLY SWEET
24E04237,VIDEXPORT,1680,05/23/2024,EARLY SWEET
24E04238,VIDEXPORT,1800,05/23/2024,EARLY SWEET
24E04239,VIDEXPORT,2340,05/24/2024,EARLY SWEET
24E04240,VIDEXPORT,1680,05/23/2024,EARLY SWEET
24E04242,VIDEXPORT,1710,05/23/2024,EARLY SWEET
24E04243,VIDEXPORT,540,05/23/2024,EARLY SWEET
24E04243,VIDEXPORT,1350,05/23/2024,EARLY SWEET
24E04244,VIDEXPORT,1120,05/23/2024,EARLY SWEET
24E04244,VIDEXPORT,540,05/23/2024,SUMMER ROYAL
24E04268,VIDEXPORT,2080,05/24/2024,EARLY SWEET
24E04269,VIDEXPORT,2080,05/24/2024,EARLY SWEET
24E04270,VIDEXPORT,2340,05/24/2024,EARLY SWEET
24E04271,VIDEXPORT,2080,05/24/2024,EARLY SWEET
24E04272,VIDEXPORT,2160,05/24/2024,EARLY SWEET
24E04273,VIDEXPORT,1280,05/24/2024,EARLY SWEET
24E04273,VIDEXPORT,800,05/24/2024,EARLY SWEET
24E04274,VIDEXPORT,90,05/25/2024,EARLY SWEET
24E04274,VIDEXPORT,90,05/25/2024,EARLY SWEET
24E04274,VIDEXPORT,2070,05/25/2024,EARLY SWEET
24E04275,VIDEXPORT,900,05/25/2024,EARLY SWEET
24E04275,VIDEXPORT,450,05/25/2024,SUMMER ROYAL
24E04275,VIDEXPORT,630,05/25/2024,SUMMER ROYAL
24E04276,VIDEXPORT,240,05/24/2024,EARLY SWEET
24E04276,VIDEXPORT,1840,05/24/2024,EARLY SWEET
24E04277,VIDEXPORT,1980,05/25/2024,EARLY SWEET
24E04278,VIDEXPORT,400,05/25/2024,EARLY SWEET
24E04278,VIDEXPORT,1280,05/25/2024,EARLY SWEET
24E04294,VIDEXPORT,2160,05/25/2024,EARLY SWEET
24E04301,VIDEXPORT,2080,05/25/2024,EARLY SWEET
24E04302,VIDEXPORT,2340,05/25/2024,EARLY SWEET
24E04304,VIDEXPORT,2240,05/25/2024,EARLY SWEET
24E04306,VIDEXPORT,2520,05/25/2024,EARLY SWEET
24E04307,VIDEXPORT,2240,05/25/2024,EARLY SWEET
24E04308,VIDEXPORT,2000,05/25/2024,EARLY SWEET
24E04309,VIDEXPORT,1040,05/25/2024,EARLY SWEET
24E04309,VIDEXPORT,1120,05/25/2024,EARLY SWEET
24E04310,VIDEXPORT,540,05/25/2024,EARLY SWEET
24E04310,VIDEXPORT,1350,05/25/2024,EARLY SWEET
24E04312,VIDEXPORT,2520,05/25/2024,EARLY SWEET
24E04325,VIDEXPORT,2340,05/26/2024,EARLY SWEET
24E04326,VIDEXPORT,2080,05/26/2024,EARLY SWEET
24E04333,VIDEXPORT,2340,05/26/2024,EARLY SWEET
24E04334,VIDEXPORT,2080,05/26/2024,EARLY SWEET
24E04335,VIDEXPORT,2520,05/27/2024,EARLY SWEET
24E04337,VIDEXPORT,1800,05/27/2024,EARLY SWEET
24E04338,VIDEXPORT,2240,05/27/2024,EARLY SWEET
24E04339,VIDEXPORT,2240,05/28/2024,EARLY SWEET
24E04340,VIDEXPORT,2520,05/26/2024,EARLY SWEET
24E04341,VIDEXPORT,2100,05/27/2024,EARLY SWEET
24E04342,VIDEXPORT,2240,05/27/2024,EARLY SWEET
24E04343,VIDEXPORT,2250,05/27/2024,EARLY SWEET
24E04348,VIDEXPORT,2160,05/28/2024,EARLY SWEET
24E04349,VIDEXPORT,2080,05/27/2024,EARLY SWEET
24E04350,VIDEXPORT,2340,05/27/2024,EARLY SWEET
24E04351,VIDEXPORT,2157,05/27/2024,FLAME
24E04352,VIDEXPORT,2160,05/28/2024,EARLY SWEET
24E04353,VIDEXPORT,2100,05/27/2024,EARLY SWEET
24E04354,VIDEXPORT,2080,05/27/2024,EARLY SWEET
24E04355,VIDEXPORT,1980,05/28/2024,EARLY SWEET
24E04356,VIDEXPORT,2080,05/28/2024,EARLY SWEET
24E04357,VIDEXPORT,2080,05/27/2024,EARLY SWEET
24E04358,VIDEXPORT,2156,05/28/2024,FLAME
24E04359,VIDEXPORT,2100,05/27/2024,EARLY SWEET
24E04360,VIDEXPORT,1760,05/28/2024,EARLY SWEET
24E04361,VIDEXPORT,2340,05/28/2024,EARLY SWEET
24E04362,VIDEXPORT,1440,05/28/2024,EARLY SWEET
24E04362,VIDEXPORT,675,05/28/2024,EARLY SWEET
24E04363,VIDEXPORT,180,05/28/2024,FLAME
24E04363,VIDEXPORT,900,05/28/2024,FLAME
24E04363,VIDEXPORT,720,05/28/2024,FLAME
24E04371,VIDEXPORT,1600,05/29/2024,EARLY SWEET
24E04376,VIDEXPORT,2160,05/29/2024,EARLY SWEET
24E04389,VIDEXPORT,2099,05/28/2024,EARLY SWEET
24E04390,VIDEXPORT,1920,05/28/2024,EARLY SWEET
24E04391,VIDEXPORT,2100,05/28/2024,EARLY SWEET
24E04392,VIDEXPORT,2340,05/29/2024,EARLY SWEET
24E04393,VIDEXPORT,2520,05/29/2024,FLAME
24E04394,VIDEXPORT,1950,05/29/2024,EARLY SWEET
24E04395,VIDEXPORT,2340,05/30/2024,EARLY SWEET
24E04396,VIDEXPORT,2520,05/29/2024,EARLY SWEET
24E04397,VIDEXPORT,2160,05/28/2024,EARLY SWEET
24E04400,VIDEXPORT,2070,05/29/2024,EARLY SWEET
24E04404,VIDEXPORT,2160,05/29/2024,FLAME
24E04405,VIDEXPORT,1530,05/29/2024,FLAME
24E04405,VIDEXPORT,810,05/29/2024,FLAME
24E04406,VIDEXPORT,1440,05/29/2024,FLAME
24E04406,VIDEXPORT,720,05/29/2024,SUMMER ROYAL
24E04408,VIDEXPORT,1440,05/29/2024,EARLY SWEET
24E04408,VIDEXPORT,270,05/29/2024,SUMMER ROYAL
24E04419,VIDEXPORT,1950,05/29/2024,EARLY SWEET
24E04428,VIDEXPORT,1920,05/29/2024,EARLY SWEET
24E04430,VIDEXPORT,2340,05/29/2024,EARLY SWEET
24E04431,VIDEXPORT,1920,05/29/2024,EARLY SWEET
24E04432,VIDEXPORT,1920,05/29/2024,EARLY SWEET
24E04434,VIDEXPORT,2340,05/29/2024,EARLY SWEET
24E04435,VIDEXPORT,2080,05/29/2024,EARLY SWEET
24E04436,VIDEXPORT,1800,05/30/2024,FLAME
24E04437,VIDEXPORT,2240,05/29/2024,EARLY SWEET
24E04438,VIDEXPORT,2340,05/30/2024,EARLY SWEET
24E04439,VIDEXPORT,2340,05/29/2024,EARLY SWEET
24E04440,VIDEXPORT,2520,05/30/2024,EARLY SWEET
24E04442,VIDEXPORT,1280,05/29/2024,EARLY SWEET
24E04442,VIDEXPORT,900,05/29/2024,EARLY SWEET
24E04444,VIDEXPORT,2070,05/30/2024,FLAME
24E04445,VIDEXPORT,1530,05/31/2024,FLAME
24E04445,VIDEXPORT,180,05/31/2024,SUMMER ROYAL
24E04446,VIDEXPORT,1260,05/30/2024,FLAME
24E04446,VIDEXPORT,360,05/30/2024,FLAME
24E04446,VIDEXPORT,360,05/30/2024,SUMMER ROYAL
24E04454,VIDEXPORT,1920,05/30/2024,EARLY SWEET
24E04456,VIDEXPORT,2080,05/30/2024,EARLY SWEET
24E04460,VIDEXPORT,2520,05/30/2024,EARLY SWEET
24E04463,VIDEXPORT,2520,05/30/2024,EARLY SWEET
24E04464,VIDEXPORT,2080,05/30/2024,EARLY SWEET
24E04465,VIDEXPORT,1920,05/30/2024,EARLY SWEET
24E04466,VIDEXPORT,2070,05/30/2024,FLAME
24E04467,VIDEXPORT,2520,05/30/2024,EARLY SWEET
24E04468,VIDEXPORT,2340,05/30/2024,EARLY SWEET
24E04469,VIDEXPORT,1980,05/31/2024,FLAME
24E04470,VIDEXPORT,810,05/31/2024,EARLY SWEET
24E04470,VIDEXPORT,1710,05/31/2024,FLAME
24E04472,VIDEXPORT,1600,05/31/2024,FLAME
24E04472,VIDEXPORT,540,05/31/2024,SUMMER ROYAL
24E04473,VIDEXPORT,2080,05/30/2024,EARLY SWEET
24E04474,VIDEXPORT,2160,05/31/2024,EARLY SWEET
24E04475,VIDEXPORT,1170,05/31/2024,FLAME
24E04475,VIDEXPORT,1170,05/31/2024,SUMMER ROYAL
24E04477,VIDEXPORT,2160,05/31/2024,EARLY SWEET
24E04485,VIDEXPORT,2160,06/01/2024,EARLY SWEET
24E04491,VIDEXPORT,2520,05/31/2024,EARLY SWEET
24E04501,VIDEXPORT,2340,05/31/2024,FLAME
24E04502,VIDEXPORT,2160,06/01/2024,EARLY SWEET
24E04503,VIDEXPORT,2070,06/01/2024,EARLY SWEET
24E04504,VIDEXPORT,2160,06/01/2024,EARLY SWEET
24E04504,VIDEXPORT,360,06/01/2024,EARLY SWEET
24E04505,VIDEXPORT,2160,05/31/2024,EARLY SWEET
24E04506,VIDEXPORT,810,06/01/2024,FLAME
24E04506,VIDEXPORT,990,06/01/2024,SUMMER ROYAL
24E04507,VIDEXPORT,2340,06/01/2024,FLAME
24E04508,VIDEXPORT,2160,06/03/2024,EARLY SWEET
24E04508,VIDEXPORT,360,06/03/2024,EARLY SWEET
24E04509,VIDEXPORT,2340,06/01/2024,FLAME
24E04510,VIDEXPORT,180,05/31/2024,FLAME
24E04510,VIDEXPORT,1680,05/31/2024,FLAME
24E04513,VIDEXPORT,2160,06/01/2024,EARLY SWEET
24E04513,VIDEXPORT,360,06/01/2024,EARLY SWEET
24E04515,VIDEXPORT,1980,06/01/2024,EARLY SWEET
24E04516,VIDEXPORT,1700,06/03/2024,EARLY SWEET
24E04516,VIDEXPORT,255,06/03/2024,SUMMER ROYAL
24E04523,VIDEXPORT,2520,06/07/2024,SUGAR DROP
24E04530,VIDEXPORT,2520,06/06/2024,SUGAR DROP
24E04531,VIDEXPORT,2520,06/03/2024,FLAME
24E04533,VIDEXPORT,2340,06/06/2024,SUGAR DROP
24E04534,VIDEXPORT,1360,06/01/2024,FLAME
24E04534,VIDEXPORT,540,06/01/2024,SUMMER ROYAL
24E04539,VIDEXPORT,2080,06/01/2024,FLAME
24E04540,VIDEXPORT,90,06/01/2024,FLAME
24E04540,VIDEXPORT,1710,06/01/2024,FLAME
24E04546,VIDEXPORT,1260,06/06/2024,SUGAR DROP
24E04547,VIDEXPORT,720,06/06/2024,EARLY SWEET
24E04547,VIDEXPORT,180,06/06/2024,FLAME
24E04547,VIDEXPORT,630,06/06/2024,SUGAR DROP
24E04548,VIDEXPORT,2160,06/03/2024,SUGAR DROP
24E04549,VIDEXPORT,2160,06/03/2024,FLAME
24E04550,VIDEXPORT,2520,06/06/2024,SUGAR DROP
24E04551,VIDEXPORT,2520,06/03/2024,FLAME
24E04552,VIDEXPORT,2160,06/03/2024,SUGAR DROP
24E04556,VIDEXPORT,2160,06/06/2024,SUGAR DROP
24E04558,VIDEXPORT,2160,06/03/2024,EARLY SWEET
24E04561,VIDEXPORT,1800,06/06/2024,SUGAR DROP
24E04562,VIDEXPORT,2340,06/06/2024,SUGAR DROP
24E04563,VIDEXPORT,2340,06/03/2024,FLAME
24E04564,VIDEXPORT,1800,06/06/2024,SUGAR DROP
24E04565,VIDEXPORT,1980,06/04/2024,EARLY SWEET
24E04566,VIDEXPORT,1800,06/03/2024,SUGAR DROP
24E04569,VIDEXPORT,1710,06/03/2024,SUGAR DROP
24E04570,VIDEXPORT,1170,06/04/2024,FLAME
24E04570,VIDEXPORT,1040,06/04/2024,FLAME
24E04571,VIDEXPORT,2340,06/03/2024,FLAME
24E04574,VIDEXPORT,1800,06/03/2024,EARLY SWEET
24E04577,VIDEXPORT,2340,06/03/2024,EARLY SWEET
24E04578,VIDEXPORT,2160,06/03/2024,EARLY SWEET
24E04579,VIDEXPORT,180,06/03/2024,FLAME
24E04579,VIDEXPORT,1710,06/03/2024,FLAME
24E04580,VIDEXPORT,2160,06/03/2024,EARLY SWEET
24E04581,VIDEXPORT,2160,06/04/2024,EARLY SWEET
24E04582,VIDEXPORT,1080,06/04/2024,FLAME
24E04582,VIDEXPORT,1080,06/04/2024,SUGAR DROP
24E04583,VIDEXPORT,1080,06/04/2024,EARLY SWEET
24E04583,VIDEXPORT,1080,06/04/2024,FLAME
24E04584,VIDEXPORT,2520,06/03/2024,EARLY SWEET
24E04586,VIDEXPORT,1800,06/03/2024,SUGAR DROP
24E04589,VIDEXPORT,2340,06/04/2024,FLAME
24E04590,VIDEXPORT,2160,06/03/2024,EARLY SWEET
24E04592,VIDEXPORT,2160,06/03/2024,SUGAR DROP
24E04593,VIDEXPORT,2160,06/03/2024,EARLY SWEET
24E04594,VIDEXPORT,2160,06/03/2024,EARLY SWEET
24E04597,VIDEXPORT,2340,06/04/2024,EARLY SWEET
24E04598,VIDEXPORT,1800,06/04/2024,EARLY SWEET
24E04599,VIDEXPORT,1980,06/04/2024,FLAME
24E04601,VIDEXPORT,2160,06/04/2024,SUGAR DROP
24E04605,VIDEXPORT,1890,06/04/2024,FLAME
24E04605,VIDEXPORT,340,06/04/2024,HONEY POP
24E04605,VIDEXPORT,90,06/04/2024,SUMMER ROYAL
24E04605,VIDEXPORT,90,06/04/2024,SUMMER ROYAL
24E04605,VIDEXPORT,90,06/04/2024,SUMMER ROYAL
24E04606,VIDEXPORT,2520,06/04/2024,EARLY SWEET
24E04607,VIDEXPORT,2160,06/05/2024,EARLY SWEET
24E04610,VIDEXPORT,2520,06/05/2024,EARLY SWEET
24E04612,VIDEXPORT,1080,06/05/2024,EARLY SWEET
24E04612,VIDEXPORT,1080,06/05/2024,FLAME
24E04614,VIDEXPORT,2520,06/04/2024,FLAME
24E04615,VIDEXPORT,2160,06/05/2024,EARLY SWEET
24E04616,VIDEXPORT,2520,06/04/2024,FLAME
24E04617,VIDEXPORT,2340,06/04/2024,HONEY POP
24E04618,VIDEXPORT,1800,06/04/2024,EARLY SWEET
24E04619,VIDEXPORT,1800,06/04/2024,EARLY SWEET
24E04624,VIDEXPORT,2340,06/04/2024,FLAME
24E04625,VIDEXPORT,1080,06/05/2024,FLAME
24E04625,VIDEXPORT,850,06/05/2024,HONEY POP
24E04626,VIDEXPORT,1800,06/05/2024,HONEY POP
24E04628,VIDEXPORT,2520,06/06/2024,EARLY SWEET
24E04629,VIDEXPORT,2340,06/05/2024,EARLY SWEET
24E04630,VIDEXPORT,2160,06/05/2024,EARLY SWEET
24E04631,VIDEXPORT,2340,06/05/2024,FLAME
24E04632,VIDEXPORT,2520,06/06/2024,SUGAR DROP
24E04634,VIDEXPORT,2160,06/06/2024,EARLY SWEET
24E04635,VIDEXPORT,900,06/05/2024,EARLY SWEET
24E04635,VIDEXPORT,270,06/05/2024,SUGAR DROP
24E04635,VIDEXPORT,630,06/05/2024,SUGAR DROP
24E04636,VIDEXPORT,2520,06/06/2024,FLAME
24E04639,VIDEXPORT,1800,06/06/2024,EARLY SWEET
24E04640,VIDEXPORT,2160,06/06/2024,EARLY SWEET
24E04641,VIDEXPORT,2160,06/06/2024,EARLY SWEET
24E04645,VIDEXPORT,2250,06/06/2024,EARLY SWEET
24E04646,VIDEXPORT,2520,06/05/2024,EARLY SWEET
24E04647,VIDEXPORT,2340,06/06/2024,EARLY SWEET
24E04650,VIDEXPORT,1800,06/06/2024,FLAME
24E04657,VIDEXPORT,2160,06/06/2024,EARLY SWEET
24E04658,VIDEXPORT,1260,06/06/2024,FLAME
24E04658,VIDEXPORT,1170,06/06/2024,FLAME
24E04659,VIDEXPORT,630,06/06/2024,FLAME
24E04659,VIDEXPORT,1360,06/06/2024,HONEY POP
24E04659,VIDEXPORT,270,06/06/2024,SUMMER ROYAL
24E04660,VIDEXPORT,2160,06/06/2024,EARLY SWEET
24E04661,VIDEXPORT,2160,06/06/2024,EARLY SWEET
24E04662,VIDEXPORT,1800,06/06/2024,EARLY SWEET
24E04663,VIDEXPORT,1800,06/07/2024,EARLY SWEET
24E04664,VIDEXPORT,2160,06/06/2024,EARLY SWEET
24E04665,VIDEXPORT,2160,06/08/2024,EARLY SWEET
24E04666,VIDEXPORT,2160,06/07/2024,FLAME
24E04667,VIDEXPORT,1800,06/06/2024,FLAME
24E04668,VIDEXPORT,2160,06/06/2024,FLAME
24E04669,VIDEXPORT,2520,06/06/2024,EARLY SWEET
24E04670,VIDEXPORT,2340,06/06/2024,EARLY SWEET
24E04671,VIDEXPORT,2160,06/07/2024,EARLY SWEET
24E04672,VIDEXPORT,2160,06/06/2024,EARLY SWEET
24E04674,VIDEXPORT,2160,06/07/2024,FLAME
24E04682,VIDEXPORT,1260,06/06/2024,EARLY SWEET
24E04682,VIDEXPORT,1170,06/06/2024,FLAME
24E04686,VIDEXPORT,2250,06/07/2024,FLAME
24E04690,VIDEXPORT,2250,06/07/2024,EARLY SWEET
24E04692,VIDEXPORT,2250,06/07/2024,EARLY SWEET
24E04693,VIDEXPORT,2160,06/07/2024,FLAME
24E04694,VIDEXPORT,2160,06/08/2024,FLAME
24E04695,VIDEXPORT,1980,06/07/2024,EARLY SWEET
24E04696,VIDEXPORT,2160,06/07/2024,FLAME
24E04698,VIDEXPORT,2340,06/07/2024,EARLY SWEET
24E04699,VIDEXPORT,2340,06/07/2024,EARLY SWEET
24E04702,VIDEXPORT,2160,06/07/2024,EARLY SWEET
24E04703,VIDEXPORT,2160,06/07/2024,EARLY SWEET
24E04708,VIDEXPORT,450,06/07/2024,EARLY SWEET
24E04708,VIDEXPORT,1980,06/07/2024,FLAME
24E04709,VIDEXPORT,2340,06/07/2024,FLAME
24E04710,VIDEXPORT,2340,06/07/2024,EARLY SWEET
24E04712,VIDEXPORT,2340,06/08/2024,FLAME
24E04713,VIDEXPORT,2250,06/07/2024,FLAME
24E04714,VIDEXPORT,2160,06/07/2024,FLAME
24E04716,VIDEXPORT,1800,06/07/2024,EARLY SWEET
24E04718,VIDEXPORT,1710,06/08/2024,EARLY SWEET
24E04719,VIDEXPORT,1710,06/07/2024,EARLY SWEET
24E04720,VIDEXPORT,2160,06/07/2024,EARLY SWEET
24E04723,VIDEXPORT,2160,06/08/2024,FLAME
24E04724,VIDEXPORT,2160,06/08/2024,FLAME
24E04725,VIDEXPORT,2160,06/08/2024,FLAME
24E04727,VIDEXPORT,2160,06/08/2024,EARLY SWEET
24E04728,VIDEXPORT,2340,06/08/2024,EARLY SWEET
24E04729,VIDEXPORT,2340,06/08/2024,FLAME
24E04732,VIDEXPORT,2340,06/08/2024,EARLY SWEET
24E04734,VIDEXPORT,2160,06/08/2024,EARLY SWEET
24E04737,VIDEXPORT,1980,06/08/2024,FLAME
24E04739,VIDEXPORT,2340,06/08/2024,FLAME
24E04744,VIDEXPORT,1710,06/08/2024,EARLY SWEET
24E04745,VIDEXPORT,2340,06/08/2024,FLAME
24E04747,VIDEXPORT,1800,06/11/2024,EARLY SWEET
24E04749,VIDEXPORT,360,06/08/2024,FLAME
24E04749,VIDEXPORT,1350,06/08/2024,FLAME
24E04752,VIDEXPORT,990,06/08/2024,EARLY SWEET
24E04752,VIDEXPORT,810,06/08/2024,EARLY SWEET
24E04756,VIDEXPORT,1440,06/10/2024,EARLY SWEET
24E04756,VIDEXPORT,720,06/10/2024,FLAME
24E04761,VIDEXPORT,2250,06/10/2024,FLAME
24E04766,VIDEXPORT,2340,06/09/2024,FLAME
24E04767,VIDEXPORT,1920,06/10/2024,HONEY POP
24E04770,VIDEXPORT,2240,06/09/2024,HONEY POP
24E04771,VIDEXPORT,1890,06/10/2024,FLAME
24E04775,VIDEXPORT,2160,06/10/2024,HONEY POP
24E04776,VIDEXPORT,90,06/10/2024,FLAME
24E04776,VIDEXPORT,2430,06/10/2024,FLAME
24E04785,VIDEXPORT,1920,06/11/2024,HONEY POP
24E04787,VIDEXPORT,2340,06/10/2024,FLAME
24E04789,VIDEXPORT,1800,06/11/2024,EARLY SWEET
24E04791,VIDEXPORT,150,06/11/2024,EARLY SWEET
24E04791,VIDEXPORT,1800,06/11/2024,FLAME
24E04793,VIDEXPORT,1800,06/10/2024,FLAME
24E04794,VIDEXPORT,1800,06/10/2024,FLAME
24E04797,VIDEXPORT,810,06/10/2024,FLAME
24E04797,VIDEXPORT,880,06/10/2024,HONEY POP
24E04798,VIDEXPORT,1875,06/11/2024,FLAME
24E04804,VIDEXPORT,1920,06/11/2024,HONEY POP
24E04806,VIDEXPORT,2160,06/11/2024,FLAME
24E04807,VIDEXPORT,2160,06/11/2024,FLAME
24E04810,VIDEXPORT,2340,06/12/2024,FLAME
24E04811,VIDEXPORT,1920,06/11/2024,HONEY POP
24E04814,VIDEXPORT,1920,06/11/2024,HONEY POP
24E04816,VIDEXPORT,2520,06/11/2024,FLAME
24E04817,VIDEXPORT,1800,06/11/2024,FLAME
24E04818,VIDEXPORT,1440,06/11/2024,HONEY POP
24E04819,VIDEXPORT,2155,06/12/2024,FLAME
24E04820,VIDEXPORT,2160,06/11/2024,FLAME
24E04827,VIDEXPORT,720,06/11/2024,FLAME
24E04827,VIDEXPORT,990,06/11/2024,PASSION FIRE
24E04828,VIDEXPORT,1800,06/13/2024,FLAME
24E04829,VIDEXPORT,2340,06/12/2024,FLAME
24E04830,VIDEXPORT,2340,06/12/2024,FLAME
24E04832,VIDEXPORT,2160,06/12/2024,FLAME
24E04833,VIDEXPORT,2160,06/12/2024,FLAME
24E04834,VIDEXPORT,2160,06/12/2024,FLAME
24E04836,VIDEXPORT,1795,06/12/2024,FLAME
24E04837,VIDEXPORT,900,06/12/2024,FLAME
24E04837,VIDEXPORT,1530,06/12/2024,PASSION FIRE
24E04842,VIDEXPORT,2160,06/12/2024,FLAME
24E04845,VIDEXPORT,540,06/13/2024,EARLY SWEET
24E04845,VIDEXPORT,1120,06/13/2024,HONEY POP
24E04847,VIDEXPORT,1800,06/13/2024,FLAME
24E04848,VIDEXPORT,1800,06/13/2024,FLAME
24E04849,VIDEXPORT,1800,06/13/2024,FLAME
24E04853,VIDEXPORT,2339,06/13/2024,FLAME
24E04859,VIDEXPORT,900,06/13/2024,FLAME
24E04859,VIDEXPORT,1440,06/13/2024,PASSION FIRE
24E04862,VIDEXPORT,2340,06/14/2024,FLAME
24E04865,VIDEXPORT,1800,06/14/2024,PASSION FIRE
24E04868,VIDEXPORT,2160,06/14/2024,FLAME
24E04869,VIDEXPORT,1870,06/15/2024,PASSION FIRE
24E04871,VIDEXPORT,1870,06/15/2024,PASSION FIRE
24E04873,VIDEXPORT,1870,06/17/2024,PASSION FIRE
24E04874,VIDEXPORT,1870,06/15/2024,PASSION FIRE
24E04876,VIDEXPORT,1530,06/15/2024,FLAME
24E04876,VIDEXPORT,170,06/15/2024,SUGAR DROP
24E04881,VIDEXPORT,1700,06/18/2024,PASSION FIRE
24E04882,VIDEXPORT,2040,06/17/2024,PASSION FIRE
24E04885,VIDEXPORT,1870,06/17/2024,PASSION FIRE
24E04888,VIDEXPORT,2520,06/17/2024,FLAME
24E04889,VIDEXPORT,90,06/17/2024,PASSION FIRE
24E04889,VIDEXPORT,1955,06/17/2024,PASSION FIRE
24E04890,VIDEXPORT,2040,06/17/2024,PASSION FIRE
24E04893,VIDEXPORT,2045,06/17/2024,PASSION FIRE
24E04894,VIDEXPORT,1965,06/17/2024,FLAME
24E04898,VIDEXPORT,850,06/18/2024,PASSION FIRE
24E04898,VIDEXPORT,850,06/18/2024,PASSION FIRE
24E04899,VIDEXPORT,2040,06/18/2024,PASSION FIRE
24E04901,VIDEXPORT,1705,06/18/2024,PASSION FIRE
24E04903,VIDEXPORT,1705,06/18/2024,PASSION FIRE
24E04906,VIDEXPORT,170,06/18/2024,FLAME
24E04906,VIDEXPORT,895,06/18/2024,FLAME
24E04906,VIDEXPORT,850,06/18/2024,PASSION FIRE
24E04907,VIDEXPORT,2380,06/19/2024,PASSION FIRE
24E04908,VIDEXPORT,350,06/19/2024,FLAME
24E04908,VIDEXPORT,1955,06/19/2024,PASSION FIRE
24E04912,VIDEXPORT,2340,06/20/2024,PASSION FIRE
24E04914,VIDEXPORT,1800,06/20/2024,PASSION FIRE
24E04915,VIDEXPORT,1980,06/20/2024,PASSION FIRE
24E04917,VIDEXPORT,1980,06/20/2024,PASSION FIRE
24E04922,VIDEXPORT,540,06/30/2024,PASSION FIRE
24E04925,VIDEXPORT,1620,06/22/2024,PASSION FIRE
24E04926,VIDEXPORT,950,06/22/2024,FLAME
24E04926,VIDEXPORT,900,06/22/2024,PASSION FIRE
24E04927,VIDEXPORT,1710,06/25/2024,PASSION FIRE
24E04928,VIDEXPORT,2340,06/25/2024,PASSION FIRE
24E04929,VIDEXPORT,2425,06/25/2024,PASSION FIRE
24E04933,VIDEXPORT,1080,06/27/2024,PASSION FIRE
24E04933,VIDEXPORT,810,06/27/2024,PASSION FIRE
24E11471,VIDEXPORT,960,05/13/2024,EARLY SWEET
24E11472,VIDEXPORT,2340,05/13/2024,EARLY SWEET
24E11473,VIDEXPORT,2340,05/13/2024,EARLY SWEET
24E11475,VIDEXPORT,2340,05/13/2024,EARLY SWEET
24E11476,VIDEXPORT,2080,05/13/2024,EARLY SWEET
24E11478,VIDEXPORT,960,05/14/2024,EARLY SWEET
24E11480,VIDEXPORT,2070,05/14/2024,EARLY SWEET
24E11482,VIDEXPORT,1760,05/14/2024,EARLY SWEET
24E11483,VIDEXPORT,1600,05/14/2024,EARLY SWEET
24E11486,VIDEXPORT,2250,05/14/2024,EARLY SWEET
24E11490,VIDEXPORT,1760,05/14/2024,EARLY SWEET
24E11491,VIDEXPORT,2160,05/14/2024,EARLY SWEET
24E11492,VIDEXPORT,1920,05/15/2024,EARLY SWEET
24E11493,VIDEXPORT,1680,05/15/2024,EARLY SWEET
24E11493,VIDEXPORT,240,05/15/2024,EARLY SWEET
24E11494,VIDEXPORT,1760,05/15/2024,EARLY SWEET
24E11494,VIDEXPORT,80,05/15/2024,EARLY SWEET
24E11495,VIDEXPORT,1980,05/15/2024,EARLY SWEET
24E11497,VIDEXPORT,1840,05/15/2024,EARLY SWEET
24E11497,VIDEXPORT,80,05/15/2024,EARLY SWEET
24E11498,VIDEXPORT,1840,05/15/2024,EARLY SWEET
24E11498,VIDEXPORT,80,05/15/2024,EARLY SWEET
24E11500,VIDEXPORT,2240,05/15/2024,EARLY SWEET
24E11503,VIDEXPORT,1440,05/15/2024,EARLY SWEET
24E11503,VIDEXPORT,160,05/15/2024,EARLY SWEET
24E11503,VIDEXPORT,560,05/15/2024,EARLY SWEET
24E11505,VIDEXPORT,1890,05/15/2024,EARLY SWEET
24E11506,VIDEXPORT,90,05/16/2024,EARLY SWEET
24E11508,VIDEXPORT,1920,05/16/2024,EARLY SWEET
24E11509,VIDEXPORT,1600,05/16/2024,EARLY SWEET
24E11511,VIDEXPORT,1840,05/16/2024,EARLY SWEET
24E11513,VIDEXPORT,1520,05/16/2024,EARLY SWEET
24E11514,VIDEXPORT,2160,05/16/2024,EARLY SWEET
24E11514,VIDEXPORT,80,05/16/2024,EARLY SWEET
24E11516,VIDEXPORT,2417,05/16/2024,EARLY SWEET
24E11517,VIDEXPORT,270,05/16/2024,EARLY SWEET
24E11517,VIDEXPORT,2160,05/16/2024,EARLY SWEET
24E11518,VIDEXPORT,1520,05/16/2024,EARLY SWEET
24E11520,VIDEXPORT,2340,05/17/2024,EARLY SWEET
24E11522,VIDEXPORT,2080,05/17/2024,EARLY SWEET
24E11524,VIDEXPORT,2003,05/17/2024,EARLY SWEET
24E11524,VIDEXPORT,77,05/17/2024,EARLY SWEET
24E11526,VIDEXPORT,1800,05/17/2024,EARLY SWEET
24E11527,VIDEXPORT,2340,05/17/2024,EARLY SWEET
24E11528,VIDEXPORT,1890,05/17/2024,EARLY SWEET
24E11529,VIDEXPORT,1520,05/17/2024,EARLY SWEET
24E11530,VIDEXPORT,1520,05/17/2024,EARLY SWEET
24E11531,VIDEXPORT,2080,05/17/2024,EARLY SWEET
24E11532,VIDEXPORT,1520,05/17/2024,EARLY SWEET
24E11533,VIDEXPORT,810,05/17/2024,EARLY SWEET
24E11533,VIDEXPORT,960,05/17/2024,EARLY SWEET
24E11534,VIDEXPORT,1920,05/17/2024,EARLY SWEET
24E11536,VIDEXPORT,1260,05/17/2024,EARLY SWEET
24E11536,VIDEXPORT,1170,05/17/2024,EARLY SWEET
24E11537,VIDEXPORT,2080,05/18/2024,EARLY SWEET
24E11538,VIDEXPORT,1840,05/19/2024,EARLY SWEET
24E11539,VIDEXPORT,1800,05/18/2024,EARLY SWEET
24E11540,VIDEXPORT,1920,05/18/2024,EARLY SWEET
24E11541,VIDEXPORT,1840,05/18/2024,EARLY SWEET
24E11541,VIDEXPORT,80,05/18/2024,EARLY SWEET
24E11543,VIDEXPORT,1520,05/19/2024,EARLY SWEET
24E11544,VIDEXPORT,1600,05/18/2024,EARLY SWEET
24E11545,VIDEXPORT,1800,05/19/2024,EARLY SWEET
24E11547,VIDEXPORT,637,05/18/2024,EARLY SWEET
24E11547,VIDEXPORT,1123,05/18/2024,EARLY SWEET
24E11548,VIDEXPORT,90,05/19/2024,EARLY SWEET
24E11548,VIDEXPORT,1620,05/19/2024,EARLY SWEET
24E11550,VIDEXPORT,1260,05/19/2024,EARLY SWEET
24E11550,VIDEXPORT,960,05/19/2024,EARLY SWEET
24E11551,VIDEXPORT,1920,05/20/2024,EARLY SWEET
24E11552,VIDEXPORT,2160,05/19/2024,EARLY SWEET
24E11553,VIDEXPORT,1917,05/20/2024,EARLY SWEET
24E11555,VIDEXPORT,1980,05/21/2024,EARLY SWEET
24E11556,VIDEXPORT,1920,05/20/2024,EARLY SWEET
24E11558,VIDEXPORT,1620,05/20/2024,EARLY SWEET
24E11559,VIDEXPORT,1840,05/20/2024,EARLY SWEET
24E11561,VIDEXPORT,1680,05/20/2024,EARLY SWEET
24E11562,VIDEXPORT,1600,05/20/2024,EARLY SWEET
24E11564,VIDEXPORT,1600,05/20/2024,EARLY SWEET
24E11565,VIDEXPORT,990,05/20/2024,EARLY SWEET
24E11565,VIDEXPORT,960,05/20/2024,EARLY SWEET
24E11566,VIDEXPORT,1800,05/20/2024,EARLY SWEET
24E11566,VIDEXPORT,180,05/20/2024,EARLY SWEET
24E11567,VIDEXPORT,2160,05/20/2024,EARLY SWEET
24E11568,VIDEXPORT,1920,05/20/2024,EARLY SWEET
24E11569,VIDEXPORT,2160,05/20/2024,EARLY SWEET
24E11570,VIDEXPORT,2160,05/20/2024,EARLY SWEET
24E11571,VIDEXPORT,1980,05/20/2024,EARLY SWEET
24E11572,VIDEXPORT,1840,05/20/2024,EARLY SWEET
24E11573,VIDEXPORT,2160,05/20/2024,EARLY SWEET
24E11574,VIDEXPORT,1920,05/20/2024,EARLY SWEET
24E11577,VIDEXPORT,2160,05/20/2024,EARLY SWEET
24E11578,VIDEXPORT,2070,05/20/2024,EARLY SWEET
24E11579,VIDEXPORT,1440,05/21/2024,EARLY SWEET
24E11579,VIDEXPORT,630,05/21/2024,EARLY SWEET
24E11581,VIDEXPORT,1520,05/20/2024,EARLY SWEET
24E11582,VIDEXPORT,1600,05/21/2024,EARLY SWEET
24E11583,VIDEXPORT,2160,05/21/2024,EARLY SWEET
24E11584,VIDEXPORT,2080,05/21/2024,EARLY SWEET
24E11585,VIDEXPORT,2160,05/21/2024,EARLY SWEET
24E11586,VIDEXPORT,1890,05/21/2024,EARLY SWEET
24E11586,VIDEXPORT,630,05/21/2024,EARLY SWEET
24E11587,VIDEXPORT,2340,05/21/2024,EARLY SWEET
24E11589,VIDEXPORT,360,05/21/2024,EARLY SWEET
24E11589,VIDEXPORT,1800,05/21/2024,EARLY SWEET
24E11591,VIDEXPORT,2240,05/21/2024,EARLY SWEET
24E11592,VIDEXPORT,2080,05/21/2024,EARLY SWEET
24E11593,VIDEXPORT,90,05/21/2024,EARLY SWEET
24E11593,VIDEXPORT,2160,05/21/2024,EARLY SWEET
24E11594,VIDEXPORT,2340,05/22/2024,EARLY SWEET
24E11595,VIDEXPORT,2160,05/22/2024,EARLY SWEET
24E11596,VIDEXPORT,1980,05/22/2024,EARLY SWEET
24E11597,VIDEXPORT,1600,05/22/2024,EARLY SWEET
24E11598,VIDEXPORT,1890,05/23/2024,EARLY SWEET
24E11599,VIDEXPORT,2080,05/23/2024,EARLY SWEET
24E11600,VIDEXPORT,1710,05/22/2024,EARLY SWEET
24E11601,VIDEXPORT,1600,05/22/2024,EARLY SWEET
24E11602,VIDEXPORT,1800,05/22/2024,EARLY SWEET
24E11604,VIDEXPORT,1800,05/22/2024,EARLY SWEET
24E11605,VIDEXPORT,1520,05/22/2024,EARLY SWEET
24E11606,VIDEXPORT,1980,05/22/2024,EARLY SWEET
24E11607,VIDEXPORT,2160,05/23/2024,EARLY SWEET
24E11608,VIDEXPORT,2340,05/24/2024,EARLY SWEET
24E11609,VIDEXPORT,2340,05/24/2024,EARLY SWEET
24E11610,VIDEXPORT,1890,05/23/2024,EARLY SWEET
24E11611,VIDEXPORT,1600,05/23/2024,EARLY SWEET
24E11612,VIDEXPORT,2080,05/24/2024,EARLY SWEET
24E11613,VIDEXPORT,1800,05/23/2024,EARLY SWEET
24E11614,VIDEXPORT,1980,05/23/2024,EARLY SWEET
24E11615,VIDEXPORT,2340,05/25/2024,EARLY SWEET
24E11616,VIDEXPORT,1600,05/23/2024,EARLY SWEET
24E11617,VIDEXPORT,1520,05/24/2024,EARLY SWEET
24E11617,VIDEXPORT,80,05/24/2024,EARLY SWEET
24E11618,VIDEXPORT,1800,05/23/2024,EARLY SWEET
24E11619,VIDEXPORT,2520,05/23/2024,EARLY SWEET
24E11620,VIDEXPORT,90,05/23/2024,EARLY SWEET
24E11620,VIDEXPORT,1520,05/23/2024,EARLY SWEET
24E11621,VIDEXPORT,1800,05/23/2024,EARLY SWEET
24E11621,VIDEXPORT,400,05/23/2024,EARLY SWEET
24E11622,VIDEXPORT,1920,05/24/2024,EARLY SWEET
24E11623,VIDEXPORT,2340,05/24/2024,EARLY SWEET
24E11624,VIDEXPORT,2340,05/24/2024,EARLY SWEET
24E11625,VIDEXPORT,2340,05/25/2024,EARLY SWEET
24E11626,VIDEXPORT,2340,05/24/2024,EARLY SWEET
24E11627,VIDEXPORT,2160,05/24/2024,EARLY SWEET
24E11628,VIDEXPORT,1980,05/25/2024,EARLY SWEET
24E11629,VIDEXPORT,2340,05/25/2024,EARLY SWEET
24E11630,VIDEXPORT,1980,05/24/2024,EARLY SWEET
24E11631,VIDEXPORT,2340,05/24/2024,EARLY SWEET
24E11632,VIDEXPORT,2070,05/25/2024,EARLY SWEET
24E11633,VIDEXPORT,1920,05/24/2024,EARLY SWEET
24E11633,VIDEXPORT,160,05/24/2024,EARLY SWEET
24E11634,VIDEXPORT,2340,05/25/2024,EARLY SWEET
24E11635,VIDEXPORT,1890,05/25/2024,EARLY SWEET
24E11635,VIDEXPORT,320,05/25/2024,EARLY SWEET
24E11638,VIDEXPORT,2340,05/27/2024,EARLY SWEET
24E11639,VIDEXPORT,2340,05/25/2024,EARLY SWEET
24E11640,VIDEXPORT,2160,05/25/2024,EARLY SWEET
24E11641,VIDEXPORT,2340,05/25/2024,EARLY SWEET
24E11642,VIDEXPORT,2340,05/27/2024,EARLY SWEET
24E11645,VIDEXPORT,2340,05/25/2024,EARLY SWEET
24E11646,VIDEXPORT,1800,05/25/2024,EARLY SWEET
24E11647,VIDEXPORT,2160,05/25/2024,EARLY SWEET
24E11648,VIDEXPORT,1800,05/27/2024,EARLY SWEET
24E11649,VIDEXPORT,2160,05/27/2024,EARLY SWEET
24E11650,VIDEXPORT,2160,05/25/2024,EARLY SWEET
24E11651,VIDEXPORT,1890,05/25/2024,EARLY SWEET
24E11652,VIDEXPORT,1530,05/27/2024,EARLY SWEET
24E11654,VIDEXPORT,2340,05/27/2024,EARLY SWEET
24E11655,VIDEXPORT,2340,05/27/2024,EARLY SWEET
24E11658,VIDEXPORT,2520,05/27/2024,EARLY SWEET
24E11659,VIDEXPORT,2520,05/27/2024,EARLY SWEET
24E11660,VIDEXPORT,2340,05/27/2024,EARLY SWEET
24E11661,VIDEXPORT,2340,05/27/2024,EARLY SWEET
24E11662,VIDEXPORT,1530,05/27/2024,EARLY SWEET
24E11663,VIDEXPORT,1800,05/28/2024,EARLY SWEET
24E11665,VIDEXPORT,2160,05/27/2024,EARLY SWEET
24E11666,VIDEXPORT,720,05/27/2024,EARLY SWEET
24E11666,VIDEXPORT,1530,05/27/2024,EARLY SWEET
24E11669,VIDEXPORT,2520,05/27/2024,EARLY SWEET
24E11674,VIDEXPORT,2160,05/27/2024,EARLY SWEET
24E11676,VIDEXPORT,2160,05/28/2024,EARLY SWEET
24E11677,VIDEXPORT,1800,05/28/2024,HONEY POP
24E11678,VIDEXPORT,1980,05/28/2024,EARLY SWEET
24E11678,VIDEXPORT,400,05/28/2024,EARLY SWEET
24E11679,VIDEXPORT,2520,05/28/2024,EARLY SWEET
24E11680,VIDEXPORT,2160,05/28/2024,EARLY SWEET
24E11681,VIDEXPORT,2520,05/28/2024,EARLY SWEET
24E11682,VIDEXPORT,90,05/27/2024,EARLY SWEET
24E11683,VIDEXPORT,2250,05/28/2024,EARLY SWEET
24E11684,VIDEXPORT,1350,05/28/2024,EARLY SWEET
24E11684,VIDEXPORT,90,05/28/2024,HONEY POP
24E11684,VIDEXPORT,270,05/28/2024,HONEY POP
24E11687,VIDEXPORT,2520,05/28/2024,EARLY SWEET
24E11689,VIDEXPORT,2520,05/29/2024,HONEY POP
24E11693,VIDEXPORT,1650,05/29/2024,SUGAR DROP
24E11694,VIDEXPORT,2430,05/29/2024,HONEY POP
24E11695,VIDEXPORT,1620,05/29/2024,EARLY SWEET
24E11696,VIDEXPORT,1520,05/29/2024,EARLY SWEET
24E11698,VIDEXPORT,1760,05/29/2024,EARLY SWEET
24E11702,VIDEXPORT,1800,05/29/2024,EARLY SWEET
24E11703,VIDEXPORT,1620,05/30/2024,HONEY POP
24E11704,VIDEXPORT,1260,05/30/2024,EARLY SWEET
24E11704,VIDEXPORT,240,05/30/2024,EARLY SWEET
24E11704,VIDEXPORT,85,05/30/2024,SUGAR DROP
24E11705,VIDEXPORT,2080,05/30/2024,EARLY SWEET
24E11706,VIDEXPORT,1600,05/30/2024,EARLY SWEET
24E11707,VIDEXPORT,1700,05/30/2024,SUGAR DROP
24E11708,VIDEXPORT,900,05/30/2024,HONEY POP
24E11708,VIDEXPORT,850,05/30/2024,SUGAR DROP
24E11708,VIDEXPORT,150,05/30/2024,SUGAR DROP
24E11709,VIDEXPORT,1980,05/30/2024,EARLY SWEET
24E11711,VIDEXPORT,1440,05/31/2024,EARLY SWEET
24E11711,VIDEXPORT,640,05/31/2024,EARLY SWEET
24E11712,VIDEXPORT,1980,05/31/2024,EARLY SWEET
24E11714,VIDEXPORT,810,06/01/2024,EARLY SWEET
24E11716,VIDEXPORT,2070,06/01/2024,EARLY SWEET
24E11721,VIDEXPORT,90,06/04/2024,EARLY SWEET
24E11721,VIDEXPORT,90,06/04/2024,HONEY POP
24E11721,VIDEXPORT,90,06/04/2024,HONEY POP
24E14000,VIDEXPORT,2210,05/30/2024,EARLY SWEET
24E14001,VIDEXPORT,2210,05/30/2024,EARLY SWEET
24E14002,VIDEXPORT,2210,05/31/2024,EARLY SWEET
24E14003,VIDEXPORT,2040,05/30/2024,EARLY SWEET
24E14004,VIDEXPORT,1700,05/31/2024,EARLY SWEET
24E14005,VIDEXPORT,2160,05/31/2024,EARLY SWEET
24E14006,VIDEXPORT,2160,05/31/2024,EARLY SWEET
24E14007,VIDEXPORT,2160,05/31/2024,EARLY SWEET
24E14008,VIDEXPORT,1980,06/01/2024,EARLY SWEET
24E14009,VIDEXPORT,1890,06/01/2024,EARLY SWEET
24E14010,VIDEXPORT,1620,06/01/2024,EARLY SWEET
24E14011,VIDEXPORT,1620,06/01/2024,EARLY SWEET
24E14012,VIDEXPORT,1440,06/03/2024,EARLY SWEET
24E14012,VIDEXPORT,90,06/03/2024,EARLY SWEET
24E14012,VIDEXPORT,810,06/04/2024,EARLY SWEET
24E14013,VIDEXPORT,810,06/03/2024,EARLY SWEET
24E14013,VIDEXPORT,360,06/03/2024,EARLY SWEET
24E14013,VIDEXPORT,540,06/03/2024,EARLY SWEET
24E14014,VIDEXPORT,540,06/03/2024,EARLY SWEET
24E14014,VIDEXPORT,180,06/03/2024,EARLY SWEET
24E14014,VIDEXPORT,1440,06/03/2024,EARLY SWEET
24E14015,VIDEXPORT,1350,06/01/2024,EARLY SWEET
24E14016,VIDEXPORT,1800,06/01/2024,EARLY SWEET
24E14016,VIDEXPORT,360,06/01/2024,EARLY SWEET
24E14017,VIDEXPORT,1800,06/01/2024,EARLY SWEET
24E14018,VIDEXPORT,2070,06/03/2024,EARLY SWEET
24E14019,VIDEXPORT,1710,06/01/2024,EARLY SWEET
24E14019,VIDEXPORT,270,06/01/2024,EARLY SWEET
24E14020,VIDEXPORT,1800,06/06/2024,EARLY SWEET
24E14021,VIDEXPORT,2520,06/03/2024,EARLY SWEET
24E14022,VIDEXPORT,2160,06/03/2024,EARLY SWEET
24E14023,VIDEXPORT,2520,06/05/2024,EARLY SWEET
24E14024,VIDEXPORT,2340,06/03/2024,EARLY SWEET
24E14025,VIDEXPORT,2160,06/03/2024,EARLY SWEET
24E14026,VIDEXPORT,2160,06/03/2024,EARLY SWEET
24E14027,VIDEXPORT,2340,06/04/2024,EARLY SWEET
24E14028,VIDEXPORT,1800,06/04/2024,EARLY SWEET
24E14029,VIDEXPORT,2160,06/05/2024,EARLY SWEET
24E14030,VIDEXPORT,720,06/06/2024,EARLY SWEET
24E14030,VIDEXPORT,1170,06/06/2024,SUGAR DROP
24E14031,VIDEXPORT,1980,06/03/2024,EARLY SWEET
24E14032,VIDEXPORT,2160,06/04/2024,EARLY SWEET
24E14033,VIDEXPORT,1800,06/07/2024,SUGAR DROP
24E14034,VIDEXPORT,2340,06/04/2024,EARLY SWEET
24E14035,VIDEXPORT,1800,06/04/2024,EARLY SWEET
24E14036,VIDEXPORT,1800,06/05/2024,EARLY SWEET
24E14038,VIDEXPORT,1980,06/04/2024,EARLY SWEET
24E14040,VIDEXPORT,1710,06/05/2024,EARLY SWEET
24E14041,VIDEXPORT,2340,06/05/2024,EARLY SWEET
24E14043,VIDEXPORT,2160,06/05/2024,EARLY SWEET
24E14044,VIDEXPORT,2160,06/05/2024,EARLY SWEET
24E14044,VIDEXPORT,180,06/05/2024,EARLY SWEET
24E14045,VIDEXPORT,1710,06/05/2024,EARLY SWEET
24E14047,VIDEXPORT,1530,06/05/2024,EARLY SWEET
24E14047,VIDEXPORT,360,06/05/2024,EARLY SWEET
24E14049,VIDEXPORT,2340,06/06/2024,EARLY SWEET
24E14050,VIDEXPORT,2160,06/06/2024,EARLY SWEET
24E14052,VIDEXPORT,1620,06/06/2024,EARLY SWEET
24E14053,VIDEXPORT,2160,06/06/2024,EARLY SWEET
24E14055,VIDEXPORT,1800,06/06/2024,EARLY SWEET
24E14056,VIDEXPORT,2340,06/07/2024,EARLY SWEET
24E14057,VIDEXPORT,2340,06/07/2024,EARLY SWEET
24E14058,VIDEXPORT,2340,06/07/2024,EARLY SWEET
24E14059,VIDEXPORT,2340,06/07/2024,EARLY SWEET
24E14060,VIDEXPORT,1980,06/07/2024,EARLY SWEET
24E14061,VIDEXPORT,1170,06/07/2024,EARLY SWEET
24E14061,VIDEXPORT,810,06/07/2024,EARLY SWEET
24E14062,VIDEXPORT,2520,06/07/2024,EARLY SWEET
24E14063,VIDEXPORT,2340,06/10/2024,EARLY SWEET
24E14064,VIDEXPORT,1800,06/10/2024,SUGAR DROP
24E14065,VIDEXPORT,2430,06/08/2024,SUGAR DROP
24E14066,VIDEXPORT,1530,06/08/2024,EARLY SWEET
24E14067,VIDEXPORT,1800,06/10/2024,SUGAR DROP
24E14068,VIDEXPORT,1710,06/08/2024,EARLY SWEET
24E14069,VIDEXPORT,1620,06/10/2024,EARLY SWEET
24E14070,VIDEXPORT,1530,06/10/2024,SUGAR DROP
24E14071,VIDEXPORT,1440,06/08/2024,EARLY SWEET
24E14072,VIDEXPORT,2340,06/10/2024,SUGAR DROP
24E14073,VIDEXPORT,2340,06/10/2024,SUGAR DROP
24E14074,VIDEXPORT,90,06/09/2024,EARLY SWEET
24E14074,VIDEXPORT,2250,06/09/2024,SUGAR DROP
24E14075,VIDEXPORT,1800,06/09/2024,EARLY SWEET
24E14076,VIDEXPORT,2340,06/09/2024,SUGAR DROP
24E14077,VIDEXPORT,2340,06/10/2024,SUGAR DROP
24E14078,VIDEXPORT,90,06/09/2024,SUGAR DROP
24E14078,VIDEXPORT,2250,06/09/2024,SUGAR DROP
24E14079,VIDEXPORT,2430,06/10/2024,SUGAR DROP
24E14080,VIDEXPORT,2070,06/09/2024,SUGAR DROP
24E14081,VIDEXPORT,2160,06/09/2024,SUGAR DROP
24E14082,VIDEXPORT,2160,06/10/2024,SUGAR DROP
24E14083,VIDEXPORT,2380,06/09/2024,EARLY SWEET
24E14084,VIDEXPORT,1620,06/09/2024,EARLY SWEET
24E14085,VIDEXPORT,2380,06/10/2024,EARLY SWEET
24E14086,VIDEXPORT,2160,06/10/2024,SUGAR DROP
24E14087,VIDEXPORT,2160,06/10/2024,SUGAR DROP
24E14088,VIDEXPORT,2340,06/10/2024,SUGAR DROP
24E14089,VIDEXPORT,2160,06/10/2024,SUGAR DROP
24E14090,VIDEXPORT,2340,06/11/2024,SUGAR DROP
24E14091,VIDEXPORT,2340,06/10/2024,EARLY SWEET
24E14092,VIDEXPORT,2160,06/11/2024,SUGAR DROP
24E14093,VIDEXPORT,1980,06/11/2024,SUGAR DROP
24E14094,VIDEXPORT,2160,06/10/2024,SUGAR DROP
24E14095,VIDEXPORT,1890,06/10/2024,SUGAR DROP
24E14096,VIDEXPORT,2100,06/10/2024,SUGAR DROP
24E14097,VIDEXPORT,1980,06/10/2024,EARLY SWEET
24E14098,VIDEXPORT,2520,06/10/2024,EARLY SWEET
24E14099,VIDEXPORT,2160,06/10/2024,SUGAR DROP
24E14100,VIDEXPORT,2160,06/10/2024,SUGAR DROP
24E14101,VIDEXPORT,2520,06/11/2024,EARLY SWEET
24E14102,VIDEXPORT,1700,06/10/2024,EARLY SWEET
24E14103,VIDEXPORT,2160,06/10/2024,EARLY SWEET
24E14104,VIDEXPORT,2160,06/11/2024,SUGAR DROP
24E14105,VIDEXPORT,1445,06/10/2024,EARLY SWEET
24E14106,VIDEXPORT,2160,06/10/2024,SUGAR DROP
24E14107,VIDEXPORT,1800,06/11/2024,SUGAR DROP
24E14107,VIDEXPORT,540,06/11/2024,SUGAR DROP
24E14108,VIDEXPORT,1080,06/11/2024,SUGAR DROP
24E14108,VIDEXPORT,600,06/11/2024,SUGAR DROP
24E14109,VIDEXPORT,1800,06/11/2024,EARLY SWEET
24E14110,VIDEXPORT,2520,06/11/2024,SUGAR DROP
24E14111,VIDEXPORT,2160,06/11/2024,EARLY SWEET
24E14112,VIDEXPORT,1800,06/11/2024,SUGAR DROP
24E14113,VIDEXPORT,2160,06/11/2024,EARLY SWEET
24E14114,VIDEXPORT,2340,06/11/2024,SUGAR DROP
24E14115,VIDEXPORT,2160,06/11/2024,EARLY SWEET
24E14116,VIDEXPORT,1800,06/12/2024,SUGAR DROP
24E14117,VIDEXPORT,1797,06/11/2024,SUGAR DROP
24E14118,VIDEXPORT,2040,06/11/2024,EARLY SWEET
24E14119,VIDEXPORT,2160,06/11/2024,EARLY SWEET
24E14120,VIDEXPORT,2520,06/11/2024,SUGAR DROP
24E14121,VIDEXPORT,2520,06/11/2024,EARLY SWEET
24E14122,VIDEXPORT,2520,06/11/2024,SUGAR DROP
24E14123,VIDEXPORT,1500,06/11/2024,SUGAR DROP
24E14124,VIDEXPORT,2340,06/11/2024,SUGAR DROP
24E14125,VIDEXPORT,2340,06/11/2024,SUGAR DROP
24E14126,VIDEXPORT,1980,06/11/2024,SUGAR DROP
24E14127,VIDEXPORT,1980,06/11/2024,SUGAR DROP
24E14128,VIDEXPORT,1975,06/11/2024,SUGAR DROP
24E14129,VIDEXPORT,2340,06/11/2024,SUGAR DROP
24E14130,VIDEXPORT,900,06/12/2024,SUGAR DROP
24E14130,VIDEXPORT,1125,06/12/2024,SUGAR DROP
24E14131,VIDEXPORT,2040,06/12/2024,SUGAR DROP
24E14133,VIDEXPORT,2160,06/12/2024,EARLY SWEET
24E14134,VIDEXPORT,2160,06/12/2024,EARLY SWEET
24E14135,VIDEXPORT,2160,06/12/2024,EARLY SWEET
24E14136,VIDEXPORT,2160,06/13/2024,EARLY SWEET
24E14137,VIDEXPORT,2340,06/12/2024,SUGAR DROP
24E14138,VIDEXPORT,2160,06/12/2024,EARLY SWEET
24E14139,VIDEXPORT,1700,06/12/2024,SUGAR DROP
24E14140,VIDEXPORT,1980,06/13/2024,EARLY SWEET
24E14142,VIDEXPORT,2520,06/12/2024,EARLY SWEET
24E14143,VIDEXPORT,2340,06/12/2024,SUGAR DROP
24E14146,VIDEXPORT,1800,06/12/2024,SUGAR DROP
24E14148,VIDEXPORT,90,06/12/2024,SUGAR DROP
24E14148,VIDEXPORT,1530,06/12/2024,SUGAR DROP
24E14149,VIDEXPORT,1800,06/12/2024,SUGAR DROP
24E14150,VIDEXPORT,1500,06/12/2024,SUGAR DROP
24E14151,VIDEXPORT,1650,06/12/2024,SUGAR DROP
24E14152,VIDEXPORT,1980,06/13/2024,EARLY SWEET
24E14153,VIDEXPORT,1980,06/13/2024,EARLY SWEET
24E14154,VIDEXPORT,2340,06/14/2024,EARLY SWEET
24E14155,VIDEXPORT,2160,06/13/2024,EARLY SWEET
24E14156,VIDEXPORT,2160,06/13/2024,EARLY SWEET
24E14157,VIDEXPORT,2160,06/13/2024,EARLY SWEET
24E14158,VIDEXPORT,2340,06/13/2024,EARLY SWEET
24E14159,VIDEXPORT,2160,06/14/2024,SUGAR DROP
24E14160,VIDEXPORT,2160,06/14/2024,SUGAR DROP
24E14161,VIDEXPORT,1800,06/13/2024,EARLY SWEET
24E14163,VIDEXPORT,2160,06/13/2024,SUGAR DROP
24E14164,VIDEXPORT,2070,06/13/2024,EARLY SWEET
24E14165,VIDEXPORT,2340,06/13/2024,SUGAR DROP
24E14166,VIDEXPORT,2340,06/13/2024,SUGAR DROP
24E14168,VIDEXPORT,2340,06/14/2024,SUGAR DROP
24E14169,VIDEXPORT,2340,06/13/2024,SUGAR DROP
24E14170,VIDEXPORT,1890,06/14/2024,EARLY SWEET
24E14171,VIDEXPORT,1710,06/13/2024,EARLY SWEET
24E14174,VIDEXPORT,1800,06/13/2024,SUGAR DROP
24E14175,VIDEXPORT,2520,06/13/2024,SUGAR DROP
24E14177,VIDEXPORT,1710,06/13/2024,HONEY POP
24E14178,VIDEXPORT,2340,06/13/2024,SUGAR DROP
24E14179,VIDEXPORT,2070,06/13/2024,SUGAR DROP
24E14179,VIDEXPORT,225,06/13/2024,SUGAR DROP
24E14180,VIDEXPORT,1710,06/13/2024,SUGAR DROP
24E14181,VIDEXPORT,2160,06/15/2024,EARLY SWEET
24E14182,VIDEXPORT,2160,06/14/2024,EARLY SWEET
24E14183,VIDEXPORT,2160,06/14/2024,EARLY SWEET
24E14184,VIDEXPORT,2160,06/14/2024,EARLY SWEET
24E14185,VIDEXPORT,2340,06/14/2024,SUGAR DROP
24E14186,VIDEXPORT,1800,06/14/2024,EARLY SWEET
24E14187,VIDEXPORT,2340,06/14/2024,SUGAR DROP
24E14188,VIDEXPORT,2340,06/14/2024,SUGAR DROP
24E14189,VIDEXPORT,2160,06/14/2024,EARLY SWEET
24E14190,VIDEXPORT,1980,06/15/2024,EARLY SWEET
24E14192,VIDEXPORT,2160,06/14/2024,EARLY SWEET
24E14193,VIDEXPORT,2340,06/14/2024,SUGAR DROP
24E14194,VIDEXPORT,2160,06/14/2024,SUGAR DROP
24E14195,VIDEXPORT,2160,06/14/2024,SUGAR DROP
24E14196,VIDEXPORT,2160,06/15/2024,EARLY SWEET
24E14197,VIDEXPORT,1800,06/14/2024,SUGAR DROP
24E14198,VIDEXPORT,1800,06/14/2024,EARLY SWEET
24E14200,VIDEXPORT,2520,06/15/2024,EARLY SWEET
24E14201,VIDEXPORT,1890,06/15/2024,SUGAR DROP
24E14202,VIDEXPORT,810,06/15/2024,SUGAR DROP
24E14202,VIDEXPORT,1350,06/15/2024,SUGAR DROP
24E14203,VIDEXPORT,1980,06/14/2024,SUGAR DROP
24E14204,VIDEXPORT,1800,06/14/2024,SUGAR DROP
24E14205,VIDEXPORT,2340,06/14/2024,SUGAR DROP
24E14206,VIDEXPORT,1980,06/14/2024,SUGAR DROP
24E14207,VIDEXPORT,1620,06/14/2024,SUGAR DROP
24E14212,VIDEXPORT,1680,06/15/2024,HONEY POP
24E14213,VIDEXPORT,2160,06/15/2024,EARLY SWEET
24E14214,VIDEXPORT,1800,06/15/2024,EARLY SWEET
24E14215,VIDEXPORT,2160,06/15/2024,EARLY SWEET
24E14216,VIDEXPORT,2160,06/15/2024,EARLY SWEET
24E14217,VIDEXPORT,2160,06/15/2024,EARLY SWEET
24E14218,VIDEXPORT,2160,06/15/2024,EARLY SWEET
24E14219,VIDEXPORT,2160,06/15/2024,EARLY SWEET
24E14220,VIDEXPORT,1700,06/17/2024,SUGAR DROP
24E14221,VIDEXPORT,2160,06/15/2024,EARLY SWEET
24E14222,VIDEXPORT,2210,06/15/2024,SUGAR DROP
24E14223,VIDEXPORT,2210,06/15/2024,SUGAR DROP
24E14224,VIDEXPORT,1980,06/15/2024,EARLY SWEET
24E14225,VIDEXPORT,1700,06/15/2024,SUGAR DROP
24E14226,VIDEXPORT,2340,06/15/2024,EARLY SWEET
24E14227,VIDEXPORT,2210,06/17/2024,SUGAR DROP
24E14228,VIDEXPORT,2160,06/17/2024,EARLY SWEET
24E14230,VIDEXPORT,1800,06/15/2024,EARLY SWEET
24E14232,VIDEXPORT,1890,06/15/2024,EARLY SWEET
24E14233,VIDEXPORT,1870,06/15/2024,SUGAR DROP
24E14234,VIDEXPORT,2210,06/15/2024,SUGAR DROP
24E14235,VIDEXPORT,2210,06/15/2024,SUGAR DROP
24E14236,VIDEXPORT,2040,06/15/2024,SUGAR DROP
24E14237,VIDEXPORT,2040,06/15/2024,SUGAR DROP
24E14238,VIDEXPORT,1870,06/15/2024,SUGAR DROP
24E14240,VIDEXPORT,1785,06/15/2024,SUGAR DROP
24E14240,VIDEXPORT,85,06/15/2024,SUGAR DROP
24E14244,VIDEXPORT,2160,06/17/2024,EARLY SWEET
24E14245,VIDEXPORT,2340,06/17/2024,EARLY SWEET
24E14246,VIDEXPORT,2340,06/17/2024,EARLY SWEET
24E14247,VIDEXPORT,2340,06/17/2024,EARLY SWEET
24E14248,VIDEXPORT,2340,06/17/2024,EARLY SWEET
24E14249,VIDEXPORT,2340,06/17/2024,EARLY SWEET
24E14250,VIDEXPORT,2210,06/18/2024,SUGAR DROP
24E14251,VIDEXPORT,2340,06/17/2024,EARLY SWEET
24E14252,VIDEXPORT,1975,06/17/2024,EARLY SWEET
24E14253,VIDEXPORT,1920,06/17/2024,SUGAR DROP
24E14255,VIDEXPORT,1920,06/17/2024,PASSION FIRE
24E14257,VIDEXPORT,1760,06/17/2024,SUGAR DROP
24E14259,VIDEXPORT,2040,06/17/2024,SUGAR DROP
24E14260,VIDEXPORT,2340,06/17/2024,SUGAR DROP
24E14262,VIDEXPORT,2210,06/17/2024,SUGAR DROP
24E14263,VIDEXPORT,1955,06/17/2024,SUGAR DROP
24E14264,VIDEXPORT,1740,06/17/2024,SUGAR DROP
24E14265,VIDEXPORT,1980,06/17/2024,EARLY SWEET
24E14266,VIDEXPORT,1980,06/17/2024,EARLY SWEET
24E14267,VIDEXPORT,1920,06/17/2024,SUGAR DROP
24E14268,VIDEXPORT,2340,06/17/2024,EARLY SWEET
24E14269,VIDEXPORT,2040,06/17/2024,SUGAR DROP
24E14270,VIDEXPORT,2037,06/17/2024,PASSION FIRE
24E14272,VIDEXPORT,1870,06/18/2024,SUGAR DROP
24E14273,VIDEXPORT,2120,06/18/2024,SUGAR DROP
24E14274,VIDEXPORT,90,06/18/2024,EARLY SWEET
24E14274,VIDEXPORT,1710,06/18/2024,EARLY SWEET
24E14275,VIDEXPORT,610,06/17/2024,PASSION FIRE
24E14275,VIDEXPORT,1040,06/17/2024,PASSION FIRE
24E14276,VIDEXPORT,255,06/18/2024,SUGAR DROP
24E14276,VIDEXPORT,1615,06/18/2024,SUGAR DROP
24E14277,VIDEXPORT,1920,06/18/2024,SUGAR DROP
24E14278,VIDEXPORT,795,06/18/2024,PASSION FIRE
24E14278,VIDEXPORT,80,06/18/2024,PASSION FIRE
24E14278,VIDEXPORT,425,06/18/2024,SUGAR DROP
24E14278,VIDEXPORT,560,06/18/2024,SUGAR DROP
24E14279,VIDEXPORT,1800,06/18/2024,EARLY SWEET
24E14280,VIDEXPORT,1075,06/18/2024,EARLY SWEET
24E14280,VIDEXPORT,630,06/18/2024,EARLY SWEET
24E14280,VIDEXPORT,90,06/18/2024,HONEY POP
24E14281,VIDEXPORT,2160,06/18/2024,EARLY SWEET
24E14282,VIDEXPORT,2160,06/18/2024,EARLY SWEET
24E14283,VIDEXPORT,1920,06/18/2024,SUGAR DROP
24E14284,VIDEXPORT,2340,06/18/2024,EARLY SWEET
24E14285,VIDEXPORT,1710,06/19/2024,EARLY SWEET
24E14286,VIDEXPORT,2155,06/19/2024,EARLY SWEET
24E14287,VIDEXPORT,2340,06/17/2024,SUGAR DROP
24E14288,VIDEXPORT,1800,06/18/2024,SUGAR DROP
24E14289,VIDEXPORT,2250,06/18/2024,EARLY SWEET
24E14291,VIDEXPORT,2000,06/18/2024,SUGAR DROP
24E14292,VIDEXPORT,2040,06/18/2024,PASSION FIRE
24E14293,VIDEXPORT,2340,06/17/2024,SUGAR DROP
24E14294,VIDEXPORT,630,06/18/2024,SUGAR DROP
24E14294,VIDEXPORT,1575,06/18/2024,SUGAR DROP
24E14295,VIDEXPORT,2340,06/18/2024,EARLY SWEET
24E14296,VIDEXPORT,2520,06/17/2024,PASSION FIRE
24E14297,VIDEXPORT,450,06/18/2024,PASSION FIRE
24E14297,VIDEXPORT,1275,06/18/2024,SUGAR DROP
24E14298,VIDEXPORT,270,06/17/2024,SUGAR DROP
24E14298,VIDEXPORT,1350,06/17/2024,SUGAR DROP
24E14300,VIDEXPORT,445,06/18/2024,EARLY SWEET
24E14300,VIDEXPORT,360,06/18/2024,EARLY SWEET
24E14300,VIDEXPORT,300,06/18/2024,EARLY SWEET
24E14300,VIDEXPORT,510,06/18/2024,SUGAR DROP
24E14302,VIDEXPORT,2160,06/20/2024,EARLY SWEET
24E14303,VIDEXPORT,2160,06/20/2024,EARLY SWEET
24E14304,VIDEXPORT,2160,06/20/2024,EARLY SWEET
24E14305,VIDEXPORT,1530,06/19/2024,PASSION FIRE
24E14305,VIDEXPORT,175,06/19/2024,SUGAR DROP
24E14305,VIDEXPORT,350,06/19/2024,SUGAR DROP
24E14306,VIDEXPORT,1800,06/20/2024,EARLY SWEET
24E14307,VIDEXPORT,2160,06/20/2024,EARLY SWEET
24E14308,VIDEXPORT,2160,06/20/2024,EARLY SWEET
24E14309,VIDEXPORT,2340,06/20/2024,SUGAR DROP
24E14310,VIDEXPORT,1800,06/20/2024,EARLY SWEET
24E14311,VIDEXPORT,1980,06/20/2024,SUGAR DROP
24E14312,VIDEXPORT,1710,06/20/2024,EARLY SWEET
24E14313,VIDEXPORT,1980,06/20/2024,EARLY SWEET
24E14314,VIDEXPORT,2040,06/19/2024,PASSION FIRE
24E14315,VIDEXPORT,2335,06/20/2024,SUGAR DROP
24E14317,VIDEXPORT,2250,06/20/2024,SUGAR DROP
24E14318,VIDEXPORT,1500,06/19/2024,SUGAR DROP
24E14320,VIDEXPORT,1650,06/19/2024,SUGAR DROP
24E14321,VIDEXPORT,180,06/20/2024,PASSION FIRE
24E14321,VIDEXPORT,1170,06/20/2024,SUGAR DROP
24E14322,VIDEXPORT,90,06/20/2024,SUGAR DROP
24E14322,VIDEXPORT,1620,06/20/2024,SUGAR DROP
24E14323,VIDEXPORT,1615,06/19/2024,PASSION FIRE
24E14324,VIDEXPORT,2160,06/20/2024,EARLY SWEET
24E14325,VIDEXPORT,1800,06/20/2024,EARLY SWEET
24E14326,VIDEXPORT,2160,06/20/2024,EARLY SWEET
24E14328,VIDEXPORT,2160,06/20/2024,EARLY SWEET
24E14329,VIDEXPORT,2340,06/20/2024,EARLY SWEET
24E14330,VIDEXPORT,1700,06/20/2024,PASSION FIRE
24E14331,VIDEXPORT,1800,06/22/2024,SUGAR DROP
24E14332,VIDEXPORT,2340,06/22/2024,SUGAR DROP
24E14333,VIDEXPORT,2160,06/20/2024,SUGAR DROP
24E14334,VIDEXPORT,270,06/20/2024,EARLY SWEET
24E14334,VIDEXPORT,1020,06/20/2024,PASSION FIRE
24E14334,VIDEXPORT,675,06/20/2024,SUGAR DROP
24E14336,VIDEXPORT,990,06/21/2024,SUGAR DROP
24E14336,VIDEXPORT,1350,06/21/2024,SUGAR DROP
24E14338,VIDEXPORT,1700,06/20/2024,PASSION FIRE
24E14340,VIDEXPORT,1800,06/22/2024,SUGAR DROP
24E14342,VIDEXPORT,2160,06/22/2024,EARLY SWEET
24E14344,VIDEXPORT,2520,06/22/2024,SUGAR DROP
24E14348,VIDEXPORT,2160,06/22/2024,EARLY SWEET
24E14349,VIDEXPORT,2160,06/22/2024,EARLY SWEET
24E14351,VIDEXPORT,1800,06/22/2024,SUGAR DROP
24E14352,VIDEXPORT,2160,06/22/2024,EARLY SWEET
24E14354,VIDEXPORT,2250,06/22/2024,SUGAR DROP
24E14357,VIDEXPORT,2520,06/22/2024,EARLY SWEET
24E14358,VIDEXPORT,1620,06/22/2024,SUGAR DROP
24E14361,VIDEXPORT,2160,06/24/2024,EARLY SWEET
24E14363,VIDEXPORT,1800,06/25/2024,EARLY SWEET
24E14364,VIDEXPORT,900,06/25/2024,SUGAR DROP
24E14369,VIDEXPORT,1800,06/25/2024,SUGAR DROP
24E14380,VIDEXPORT,1505,06/24/2024,SUGAR DROP
24E17367,VIDEXPORT,960,05/13/2024,EARLY SWEET
24E17371,VIDEXPORT,2250,05/13/2024,EARLY SWEET
24E17371,VIDEXPORT,90,05/13/2024,EARLY SWEET
24E17373,VIDEXPORT,1120,05/14/2024,EARLY SWEET
24E17375,VIDEXPORT,2340,05/14/2024,EARLY SWEET
24E17376,VIDEXPORT,630,05/14/2024,EARLY SWEET
24E17376,VIDEXPORT,1710,05/14/2024,EARLY SWEET
24E17378,VIDEXPORT,2340,05/14/2024,EARLY SWEET
24E17379,VIDEXPORT,2520,05/14/2024,EARLY SWEET
24E17380,VIDEXPORT,2340,05/14/2024,EARLY SWEET
24E17383,VIDEXPORT,2340,05/14/2024,EARLY SWEET
24E17388,VIDEXPORT,2340,05/17/2024,EARLY SWEET
24E17389,VIDEXPORT,2160,05/17/2024,EARLY SWEET
24E17389,VIDEXPORT,180,05/17/2024,EARLY SWEET
24E17390,VIDEXPORT,2340,05/17/2024,EARLY SWEET
24E17392,VIDEXPORT,2340,05/17/2024,EARLY SWEET
24E17393,VIDEXPORT,900,05/17/2024,EARLY SWEET
24E17393,VIDEXPORT,630,05/17/2024,EARLY SWEET
24E17393,VIDEXPORT,180,05/17/2024,EARLY SWEET
24E17395,VIDEXPORT,2340,05/18/2024,EARLY SWEET
24E17397,VIDEXPORT,2340,05/18/2024,EARLY SWEET
24E17399,VIDEXPORT,1890,05/20/2024,EARLY SWEET
24E17399,VIDEXPORT,450,05/20/2024,EARLY SWEET
24E17400,VIDEXPORT,450,05/19/2024,EARLY SWEET
24E17400,VIDEXPORT,1890,05/19/2024,EARLY SWEET
24E17404,VIDEXPORT,2340,05/19/2024,EARLY SWEET
24E17405,VIDEXPORT,2340,05/19/2024,EARLY SWEET
24E17408,VIDEXPORT,2160,05/20/2024,EARLY SWEET
24E17409,VIDEXPORT,2250,05/19/2024,EARLY SWEET
24E17411,VIDEXPORT,1980,05/21/2024,EARLY SWEET
24E17416,VIDEXPORT,360,05/20/2024,EARLY SWEET
24E17417,VIDEXPORT,2340,05/20/2024,EARLY SWEET
24E17423,VIDEXPORT,1800,05/20/2024,EARLY SWEET
24E17424,VIDEXPORT,1800,05/21/2024,EARLY SWEET
24E17427,VIDEXPORT,900,05/21/2024,EARLY SWEET
24E17427,VIDEXPORT,360,05/21/2024,EARLY SWEET
24E17427,VIDEXPORT,450,05/21/2024,EARLY SWEET
24E17433,VIDEXPORT,1530,05/21/2024,EARLY SWEET
24E17434,VIDEXPORT,990,05/21/2024,EARLY SWEET
24E17434,VIDEXPORT,540,05/21/2024,EARLY SWEET
24E17440,VIDEXPORT,1620,05/23/2024,EARLY SWEET
24E17446,VIDEXPORT,1080,05/26/2024,EARLY SWEET
24E17446,VIDEXPORT,810,05/26/2024,EARLY SWEET
24E17454,VIDEXPORT,2340,05/28/2024,HONEY POP
24E17457,VIDEXPORT,630,05/29/2024,HONEY POP
24E17457,VIDEXPORT,90,05/29/2024,HONEY POP
24E17457,VIDEXPORT,990,05/29/2024,HONEY POP
24E17458,VIDEXPORT,2340,05/29/2024,HONEY POP
24E17459,VIDEXPORT,90,05/27/2024,EARLY SWEET
24E17460,VIDEXPORT,2160,05/29/2024,HONEY POP
24E17461,VIDEXPORT,1710,05/29/2024,HONEY POP
24E17462,VIDEXPORT,2160,05/29/2024,HONEY POP
24E17463,VIDEXPORT,2160,05/29/2024,HONEY POP
24E17464,VIDEXPORT,1350,05/29/2024,HONEY POP
24E17464,VIDEXPORT,450,05/29/2024,HONEY POP
24E17470,VIDEXPORT,2320,05/29/2024,HONEY POP
24E17471,VIDEXPORT,2310,05/30/2024,HONEY POP
24E17473,VIDEXPORT,2340,05/30/2024,HONEY POP
24E17474,VIDEXPORT,2520,05/30/2024,HONEY POP
24E17475,VIDEXPORT,90,05/30/2024,HONEY POP
24E17475,VIDEXPORT,1620,05/30/2024,HONEY POP
24E17480,VIDEXPORT,2340,05/31/2024,HONEY POP
24E17481,VIDEXPORT,2340,05/31/2024,HONEY POP
24E17482,VIDEXPORT,2340,05/31/2024,HONEY POP
24E17483,VIDEXPORT,1530,06/01/2024,HONEY POP
24E17483,VIDEXPORT,810,06/01/2024,HONEY POP
24E17487,VIDEXPORT,1800,05/30/2024,HONEY POP
24E17488,VIDEXPORT,1710,05/31/2024,HONEY POP
24E17490,VIDEXPORT,2340,06/01/2024,HONEY POP
24E17491,VIDEXPORT,1920,05/31/2024,HONEY POP
24E17493,VIDEXPORT,2210,05/31/2024,HONEY POP
24E17497,VIDEXPORT,1920,05/31/2024,HONEY POP
24E17500,VIDEXPORT,1710,06/01/2024,HONEY POP
24E17501,VIDEXPORT,850,06/01/2024,HONEY POP
24E17501,VIDEXPORT,800,06/01/2024,HONEY POP
24E17506,VIDEXPORT,1920,06/01/2024,HONEY POP
24E17509,VIDEXPORT,2340,06/03/2024,HONEY POP
24E17510,VIDEXPORT,2240,06/03/2024,HONEY POP
24E17511,VIDEXPORT,2340,06/03/2024,HONEY POP
24E17514,VIDEXPORT,1875,06/03/2024,HONEY POP
24E17515,VIDEXPORT,2340,06/03/2024,HONEY POP
24E17516,VIDEXPORT,1800,06/03/2024,HONEY POP
24E17516,VIDEXPORT,160,06/03/2024,HONEY POP
24E17518,VIDEXPORT,2340,06/04/2024,HONEY POP
24E17519,VIDEXPORT,2340,06/03/2024,HONEY POP
24E17521,VIDEXPORT,1800,06/04/2024,HONEY POP
24E17523,VIDEXPORT,2340,06/04/2024,HONEY POP
24E17524,VIDEXPORT,1800,06/04/2024,HONEY POP
24E17525,VIDEXPORT,2340,06/04/2024,HONEY POP
24E17528,VIDEXPORT,1950,06/04/2024,HONEY POP
24E17529,VIDEXPORT,2160,06/03/2024,HONEY POP
24E17530,VIDEXPORT,2340,06/03/2024,HONEY POP
24E17531,VIDEXPORT,2340,06/04/2024,HONEY POP
24E17532,VIDEXPORT,2340,06/04/2024,HONEY POP
24E17533,VIDEXPORT,2340,06/03/2024,HONEY POP
24E17535,VIDEXPORT,1575,06/06/2024,HONEY POP
24E17536,VIDEXPORT,2340,06/04/2024,HONEY POP
24E17538,VIDEXPORT,2520,06/04/2024,HONEY POP
24E17539,VIDEXPORT,2250,06/04/2024,HONEY POP
24E17540,VIDEXPORT,2340,06/04/2024,HONEY POP
24E17541,VIDEXPORT,2340,06/04/2024,HONEY POP
24E17542,VIDEXPORT,2340,06/04/2024,HONEY POP
24E17543,VIDEXPORT,2340,06/05/2024,HONEY POP
24E17546,VIDEXPORT,2160,06/05/2024,HONEY POP
24E17547,VIDEXPORT,2160,06/05/2024,HONEY POP
24E17548,VIDEXPORT,2160,06/05/2024,HONEY POP
24E17549,VIDEXPORT,2160,06/04/2024,HONEY POP
24E17550,VIDEXPORT,1920,06/06/2024,HONEY POP
24E17551,VIDEXPORT,2080,06/05/2024,HONEY POP
24E17552,VIDEXPORT,1760,06/07/2024,HONEY POP
24E17553,VIDEXPORT,540,06/07/2024,HONEY POP
24E17553,VIDEXPORT,1280,06/07/2024,HONEY POP
24E17554,VIDEXPORT,2340,06/07/2024,HONEY POP
24E7204,VIDEXPORT,2340,05/15/2024,EARLY SWEET
24E7206,VIDEXPORT,2340,05/15/2024,EARLY SWEET
24E7207,VIDEXPORT,2340,05/16/2024,EARLY SWEET
24E7209,VIDEXPORT,1710,05/16/2024,EARLY SWEET
24E7209,VIDEXPORT,630,05/16/2024,EARLY SWEET
24E7210,VIDEXPORT,90,05/16/2024,EARLY SWEET
24E7210,VIDEXPORT,1800,05/16/2024,EARLY SWEET
24E7210,VIDEXPORT,270,05/16/2024,EARLY SWEET
24E7217,VIDEXPORT,2339,05/16/2024,EARLY SWEET
24E7220,VIDEXPORT,2340,05/16/2024,EARLY SWEET
24E7224,VIDEXPORT,2340,05/16/2024,EARLY SWEET
24E7226,VIDEXPORT,2520,05/17/2024,EARLY SWEET
24E7227,VIDEXPORT,2160,05/17/2024,EARLY SWEET
24E7232,VIDEXPORT,90,05/17/2024,EARLY SWEET
24E7232,VIDEXPORT,810,05/17/2024,EARLY SWEET
24E7232,VIDEXPORT,1440,05/17/2024,EARLY SWEET
24TRA104847,VIDEXPORT,2520,06/12/2024,EARLY SWEET
